NZ_CP072338.1	147176	147205	CCGGTGCCTCTCAGCACGGCGGTTTTCAAG	46.300	100.000	0.000	0	0.229	0	+	J5A59_RS00750	1
NZ_CP072338.1	163572	163601	CCAGGAATCGAACCGGGGACACAAGGATTT	42.070	97.452	0.000	0	0.371	0	-	J5A59_RS00815	1
NZ_CP072338.1	258099	258128	TCCAGGTTATGAGCCTGGCGAGCTACCAAC	43.130	100.000	0.000	0	0.184	0	-	J5A59_RS01220	1
NZ_CP072338.1	379757	379786	AAAAGGCAGCTACCTACTCTCCCGCATTGC	42.240	100.000	298.159	0	0.283	2	+	J5A59_RS01690	1
NZ_CP072338.1	379787	379816	ATTGCAGTACCATCGGCGCAACCGGGCTTA	45.490	99.353	295.588	0	0.189	2	+	J5A59_RS01690	1
NZ_CP072338.1	379822	379851	TCTGTTCGGAATGGGAAGAGGTGGAACCCC	43.010	94.213	294.213	0	0.193	2	+	J5A59_RS01690	1
NZ_CP072338.1	379983	380012	AGCTTCGGGCTATTAGTAGTGCTCGGCTGT	42.530	100.000	296.825	0	0.337	2	+	J5A59_RS01695	1
NZ_CP072338.1	380013	380042	GACGTCGCCGTCTATACACCTGCACCCTAT	42.620	100.000	299.988	0	0.313	2	+	J5A59_RS01695	1
NZ_CP072338.1	380072	380101	AGGAGTTCTAATCTTGCGGAAGGCTTCGCG	42.080	100.000	296.632	0	0.221	2	+	J5A59_RS01695	1
NZ_CP072338.1	380108	380137	TGCTTTCAGCGCTTATCCATGCCAGACTCG	42.500	99.892	299.892	0	0.348	2	+	J5A59_RS01695	1
NZ_CP072338.1	380162	380191	CACAACCGGCAGACCGGAGGTCTGTCCACC	46.760	100.000	298.159	0	0.015	2	+	J5A59_RS01695	1
NZ_CP072338.1	380192	380221	ACGGTCCTCTCGTACTAGTGGCGGAACCAC	43.960	97.042	290.491	0	0.224	2	+	J5A59_RS01695	1
NZ_CP072338.1	380226	380255	AACTCCAGCGCCCACGATAGATAGAGACCG	42.480	97.171	297.171	0	0.255	2	+	J5A59_RS01695	1
NZ_CP072338.1	380257	380286	ACTGTCTCACGACGTTCTGAACCCAGCTCG	43.090	99.365	295.562	0	0.302	2	+	J5A59_RS01695	1
NZ_CP072338.1	380287	380316	CGTGCCACTTTAATGGGCGAACAGCCCAAC	43.750	100.000	299.471	0	0.044	2	+	J5A59_RS01695	1
NZ_CP072338.1	380317	380346	CCTTGGGACCTTCTCCAGCCCCAGGATGTG	44.990	99.234	297.862	0	0.155	2	+	J5A59_RS01695	1
NZ_CP072338.1	380347	380376	ACGAGCCGACATCGAGGTGCCAAACCACCC	46.960	98.432	298.432	0	0.226	2	+	J5A59_RS01695	1
NZ_CP072338.1	380397	380426	GGGGATCAGCCTGTTATCCCCGGAGTACCT	43.730	94.850	282.996	0	0.195	2	+	J5A59_RS01695	1
NZ_CP072338.1	380436	380465	TGAGCGATGCAGTTTCCATACACGTGCACC	42.760	98.914	297.133	0	0.308	2	+	J5A59_RS01695	1
NZ_CP072338.1	380466	380495	GGATCACTATGCCCCAGTTTCCTGCCTGCT	43.510	98.711	295.598	0	0.358	2	+	J5A59_RS01695	1
NZ_CP072338.1	380498	380527	GCATGTCTGCCTCCCAGTCAAGCGCCCTTA	45.340	100.000	294.068	0	0.325	2	+	J5A59_RS01695	1
NZ_CP072338.1	380528	380557	TGCCATTGCACTCCATGAGGCCGGTTACCA	45.260	97.727	297.607	0	0.223	2	+	J5A59_RS01695	1
NZ_CP072338.1	380562	380591	GCCCGAGGGCACCTTTGGAAGCCTCCGTTA	46.820	99.349	298.697	0	0.053	2	+	J5A59_RS01695	1
NZ_CP072338.1	380592	380621	CGCTTTTGGAGGCGACCACCCCAGTCAAAC	44.790	100.000	300.000	0	0.253	2	+	J5A59_RS01695	1
NZ_CP072338.1	380645	380674	AACGGCGGGTTAGACCCCGGACAGCCAAAG	46.890	96.432	296.432	0	0.147	2	+	J5A59_RS01695	1
NZ_CP072338.1	380675	380704	GGCCGTATTTCAAGGACGGCTCCACGCACA	45.670	99.077	0.000	0	0.174	0	+	J5A59_RS01695	1
NZ_CP072338.1	380712	380741	GCGCGCTTCGAAGCCTCCGGCCTATCCTAC	46.900	99.702	294.881	0	0.193	2	+	J5A59_RS01695	1
NZ_CP072338.1	380744	380773	ATCGGATGACCAAGGTCAGTGCTAAGCTGC	42.010	98.911	298.433	0	0.262	2	+	J5A59_RS01695	1
NZ_CP072338.1	380777	380806	AAAGGTTCACGGGGTCTTTTCGTCCCATCG	42.270	98.741	288.975	0	0.252	2	+	J5A59_RS01695	1
NZ_CP072338.1	380841	380870	CACTGAGATCATGGTTGAGACAGCGTCCGG	42.040	99.024	299.024	0	0.275	2	+	J5A59_RS01695	1
NZ_CP072338.1	380877	380906	ACACCATTCGTGCAGGTCGGAACTTACCCG	43.660	97.858	296.906	0	0.201	2	+	J5A59_RS01695	1
NZ_CP072338.1	380922	380951	ACCTTAGGACCGTTATAGTTACGGCCGCCG	42.820	100.000	296.506	0	0.265	2	+	J5A59_RS01695	1
NZ_CP072338.1	380952	380981	TTTACCGGGGCTTCAATTCAGGCCTTCGAC	42.390	99.166	297.186	0	0.372	2	+	J5A59_RS01695	1
NZ_CP072338.1	380984	381013	AAGTCTGAGCCCTCCTCTTAACCTTCCGGC	42.770	100.000	299.873	0	0.322	2	+	J5A59_RS01695	1
NZ_CP072338.1	381014	381043	ACCGGGCAGGTGTCAGGCTGTATACGTCAT	44.210	100.000	292.679	0	0.324	2	+	J5A59_RS01695	1
NZ_CP072338.1	381076	381105	AAACAGTTGCCTGGACCTATTCTCTGCGCC	42.380	100.000	300.000	0	0.320	2	+	J5A59_RS01695	1
NZ_CP072338.1	381116	381145	TGAGGACCCCTTATTCCGAAGTTACGGGGT	42.060	94.587	87.607	0	0.180	0	+	J5A59_RS01695	1
NZ_CP072338.1	381192	381221	GTTCTACCCGACTACGTGTGTCCGTTTGCG	42.330	96.608	296.608	0	0.278	2	+	J5A59_RS01695	1
NZ_CP072338.1	381223	381252	TACGGGTTGCCCAAACATTGAGCTTAGCGG	42.720	99.954	299.359	0	0.204	2	+	J5A59_RS01695	1
NZ_CP072338.1	381262	381291	GAAGTATGGTTACCTGTGCTGTCGGTCCGC	42.220	100.000	295.486	0	0.329	2	+	J5A59_RS01695	1
NZ_CP072338.1	381297	381326	GGGGAGGACCGTACTATCGGCCATCAGCTC	44.270	97.783	295.769	0	0.241	2	+	J5A59_RS01695	1
NZ_CP072338.1	381327	381356	CGGGTGTGGATTTGCCTGCACCCATCAAAG	43.540	100.000	300.000	0	0.295	2	+	J5A59_RS01695	1
NZ_CP072338.1	381357	381386	CCTAAAGCCTTCAACGCCCGTGTCCGTAAG	42.560	100.000	275.676	0	0.269	2	+	J5A59_RS01695	1
NZ_CP072338.1	381390	381419	GCGACAGTGTCACTGCTCCGTCTCCGCGTC	46.860	99.013	293.324	0	0.247	2	+	J5A59_RS01695	1
NZ_CP072338.1	381422	381451	TGAATGGGCAAGTCACGGAATGTTCACCGT	42.300	100.000	300.000	0	0.242	2	+	J5A59_RS01695	1
NZ_CP072338.1	381457	381486	CCATCGCCTTCGCCGTTCGGCTGGGACTTA	46.770	100.000	294.603	0	0.250	2	+	J5A59_RS01695	1
NZ_CP072338.1	381503	381532	GGGCTGACTGGCATCGCCCGGGAAACCTTA	46.870	99.462	296.806	0	0.151	2	+	J5A59_RS01695	1
NZ_CP072338.1	381585	381614	TTGCTTTTCCATGCGCTCCAGGATCTGTCA	42.210	100.000	297.978	0	0.302	2	+	J5A59_RS01695	1
NZ_CP072338.1	381617	381646	ATCACCATTCTGCGCACATGGAATGCTCCC	42.900	98.187	289.905	0	0.211	2	+	J5A59_RS01695	1
NZ_CP072338.1	381666	381695	ACAATGCTATCCCGCGCCTTCGGTATCTGA	42.950	99.273	294.288	0	0.325	2	+	J5A59_RS01695	1
NZ_CP072338.1	381700	381729	ATACCCGATTATTATCCACGCCCGGACCCT	42.240	96.748	282.476	0	0.351	2	+	J5A59_RS01695	1
NZ_CP072338.1	381762	381791	AATGGCTGCTTCCAAGCCAACATCCTAGCT	42.200	99.647	299.647	0	0.170	2	+	J5A59_RS01695	1
NZ_CP072338.1	381845	381874	GACGACGGTCAGGATTCTTCTCCTCTCGGG	42.560	98.116	288.866	0	0.204	2	+	J5A59_RS01695	1
NZ_CP072338.1	381894	381923	CCCCTTACTGCACGACTACGGTCCGTGAGC	44.830	100.000	296.817	0	0.247	2	+	J5A59_RS01695	1
NZ_CP072338.1	381924	381953	ATTCGGAGTTCGTCAGGTCGCGACAGGCGG	46.540	96.671	287.937	0	0.156	2	+	J5A59_RS01695	1
NZ_CP072338.1	381956	381985	AAGCCCTCTTGACCTATCGGTCGCTCTACC	42.340	100.000	298.387	0	0.218	2	+	J5A59_RS01695	1
NZ_CP072338.1	381986	382015	TCTCACGGAGAACATCGCACGCGGCACCTA	46.070	99.710	296.131	0	0.175	2	+	J5A59_RS01695	1
NZ_CP072338.1	382017	382046	ATGCCTTTCGGGGAGTACGAGCTATCTCCA	42.060	100.000	300.000	0	0.267	2	+	J5A59_RS01695	1
NZ_CP072338.1	382082	382111	TCGGGAAGCTTTTCAACGCTTATCCGTGCG	42.890	100.000	300.000	0	0.188	2	+	J5A59_RS01695	1
NZ_CP072338.1	382155	382184	AGATCACTTGGTTTCGCGTCTACCCCACCC	43.240	100.000	297.856	0	0.399	2	+	J5A59_RS01695	1
NZ_CP072338.1	382185	382214	AACTGAACGCCCTCTTCAGGCTCGCTTTCA	43.520	100.000	295.483	0	0.303	2	+	J5A59_RS01695	1
NZ_CP072338.1	382215	382244	CTGCGGATACGGGGCTGAGCCCCTTAACCT	46.200	99.218	294.052	0	0.048	2	+	J5A59_RS01695	1
NZ_CP072338.1	382297	382326	ACAAGAATATGCTCCGACCGCTTGTAGGCG	42.110	100.000	288.733	0	0.225	2	+	J5A59_RS01695	1
NZ_CP072338.1	382357	382386	ATCGGAGTGCTTTTCACCTTTCCCTCACGG	42.130	100.000	290.913	0	0.310	2	+	J5A59_RS01695	1
NZ_CP072338.1	382400	382429	TCGGTCTCACGGGAGTATTTAGCCTTGCCG	43.000	100.000	297.754	0	0.238	2	+	J5A59_RS01695	1
NZ_CP072338.1	382430	382459	GATGGGCCCGGCAGATTCACGCAGAATTAC	42.990	100.000	296.199	0	0.204	2	+	J5A59_RS01695	1
NZ_CP072338.1	382460	382489	TCGTGCTCCGCGCTACTCAGGATACCACTA	43.470	100.000	297.149	0	0.256	2	+	J5A59_RS01695	1
NZ_CP072338.1	382490	382519	CGCCCCATCATGCTTCGGATACGGGACTGT	44.970	98.322	291.939	0	0.166	2	+	J5A59_RS01695	1
NZ_CP072338.1	382546	382575	ACATTCTCCTCACACCCAGGGTACGACAGC	42.860	100.000	260.810	0	0.274	2	+	J5A59_RS01695	1
NZ_CP072338.1	382598	382627	GCACTGAAACGCAGCGGGTTTGGGCTCCTC	46.570	100.000	0.000	0	0.192	2	+	J5A59_RS01695	1
NZ_CP072338.1	382727	382756	TCAGGATAGCACTCCTTCAGAGTGCTGGGT	42.030	100.000	300.000	0	0.044	2	+	J5A59_RS01695	1
NZ_CP072338.1	382757	382786	TGTCCCATTCGGAAATCCCCGGATCAGAGA	42.320	94.905	288.025	0	0.210	2	+	J5A59_RS01695	1
NZ_CP072338.1	382787	382816	TTGCTTGCATCTACCCGGGGCTTATCGCAG	43.910	100.000	299.448	0	0.345	2	+	J5A59_RS01695	1
NZ_CP072338.1	382817	382846	CTTGACACGTCCTTCATCGCCTCCGTGAGC	43.910	100.000	296.420	0	0.289	2	+	J5A59_RS01695	1
NZ_CP072338.1	382847	382876	CAAGGCATCCGCCATGCGCCCTTCATTACT	44.520	100.000	297.179	0	0.148	2	+	J5A59_RS01695	1
NZ_CP072338.1	383110	383139	CCCCTGCTTGCAAAGCAGGTGCTCTAGCCA	45.760	97.754	99.672	0	0.028	0	+	J5A59_RS01700	1
NZ_CP072338.1	383425	383454	GCACCTTCCGGTACGGCTACCTTGTTACGA	43.080	99.541	295.113	0	0.077	2	+	J5A59_RS01710	1
NZ_CP072338.1	383455	383484	CTTAGCCCCAATCACCGGTCTTGCCCTAGG	43.440	98.321	293.631	0	0.421	2	+	J5A59_RS01710	1
NZ_CP072338.1	383485	383514	TCGCTCCTCGCGGTCACGAACTTCAGGCAC	46.660	100.000	294.907	0	0.188	2	+	J5A59_RS01710	1
NZ_CP072338.1	383518	383547	CGGCTTTCATGGCTTGACGGGCGGTGTGTA	45.850	100.000	295.547	0	0.352	2	+	J5A59_RS01710	1
NZ_CP072338.1	383555	383584	CGGGAACGTATTCACCGCGCCATGGCTGAT	45.760	98.241	295.795	0	0.200	2	+	J5A59_RS01710	1
NZ_CP072338.1	383585	383614	GCGCGATTACTAGCGAATCCAGCTTCGTGG	42.730	99.353	298.441	0	0.256	2	+	J5A59_RS01710	1
NZ_CP072338.1	383615	383644	GGTCGGGTTGCAGACCCCAGTCCGAACTGG	46.840	97.873	295.905	0	0.132	2	+	J5A59_RS01710	1
NZ_CP072338.1	383658	383687	GATTGGATGCAACTTGCATTGCACCGTCCC	42.440	98.965	294.840	0	0.099	2	+	J5A59_RS01710	1
NZ_CP072338.1	383690	383719	TGTACCGGCCATTGTAACACGTGTGTAGCC	42.210	100.000	295.037	0	0.289	2	+	J5A59_RS01710	1
NZ_CP072338.1	383720	383749	CCGGACGTAAGGGCCGTGCTGATTTGACGT	45.420	98.626	296.246	0	0.158	2	+	J5A59_RS01710	1
NZ_CP072338.1	383796	383825	CCCGGCATCACCCGATGGCAACTGGGAAAG	46.130	98.202	297.780	0	0.142	2	+	J5A59_RS01710	1
NZ_CP072338.1	383826	383855	GGGGTTGCGCTCGTTATGGCACTTAAGCCG	44.800	100.000	295.009	0	0.324	2	+	J5A59_RS01710	1
NZ_CP072338.1	383856	383885	ACACCTCACGGCACGAGCTGACGACAACCA	46.380	100.000	300.000	0	0.113	2	+	J5A59_RS01710	1
NZ_CP072338.1	383888	383917	CAGCACCTTCACAGACGCCCCGAAGGGAAG	45.530	99.782	299.782	0	0.045	2	+	J5A59_RS01710	1
NZ_CP072338.1	383918	383947	CCCACGTCTCTGTGGGCAGCGACTGCAATT	45.710	99.102	193.793	0	0.133	0	+	J5A59_RS01710	1
NZ_CP072338.1	383948	383977	CAAGCCCGGGTAAGGTTCCTCGCGTATCAT	43.310	99.838	299.838	0	0.401	2	+	J5A59_RS01710	1
NZ_CP072338.1	383982	384011	TTAAACCACATGTTCCTCCGCTTGTGCGGG	42.850	100.000	299.249	0	0.089	2	+	J5A59_RS01710	1
NZ_CP072338.1	384019	384048	CAATTCCTTTGAGTTTCACCGTTGCCGGCG	42.400	98.196	298.083	0	0.203	2	+	J5A59_RS01710	1
NZ_CP072338.1	384050	384079	ACTCCCCAGGTGGGATGCTTAATGCTTTCG	42.150	100.000	297.065	0	0.102	2	+	J5A59_RS01710	1
NZ_CP072338.1	384098	384127	GCGCCAACGGCGGGCATCCATCGTTTACTG	46.700	98.965	291.318	0	0.116	2	+	J5A59_RS01710	1
NZ_CP072338.1	384148	384177	AATCCTGTTCGATACCCGCACCTTCGAGCT	42.880	100.000	300.000	0	0.306	2	+	J5A59_RS01710	1
NZ_CP072338.1	384178	384207	TAAGCGTCAGTAACACTCCCGCAGGCTGCC	45.130	100.000	293.997	0	0.130	2	+	J5A59_RS01710	1
NZ_CP072338.1	384238	384267	GCATTTCACCGCTACACCATGAATTCCGCC	42.040	98.441	298.441	0	0.416	2	+	J5A59_RS01710	1
NZ_CP072338.1	384268	384297	TGCGCTGCGTGTACTCAAGTCTGACAGTTC	42.200	97.117	294.080	0	0.309	2	+	J5A59_RS01710	1
NZ_CP072338.1	384333	384362	CAACACGCTTAACAGACCGCCTACACTCCC	42.350	100.000	300.000	0	0.372	2	+	J5A59_RS01710	1
NZ_CP072338.1	384367	384396	AACCCAATAAATCCGGATAACGCCCGGACC	42.160	93.307	284.470	0	0.166	2	+	J5A59_RS01710	1
NZ_CP072338.1	384397	384426	TTCCGTATTACCGCGGCTGCTGGCACGGAA	46.760	98.322	294.984	0	0.125	2	+	J5A59_RS01710	1
NZ_CP072338.1	384441	384470	TTCATGAGGTACATGCAATGGCGCACACGT	42.680	100.000	300.000	0	0.160	2	+	J5A59_RS01710	1
NZ_CP072338.1	384498	384527	GTTTACAACCCATAGGGCCGTCATCCTGCA	42.100	99.711	295.628	0	0.238	2	+	J5A59_RS01710	1
NZ_CP072338.1	384528	384557	CGCTACTTGGCTGGTTCAGACTTGCGTCCA	43.800	100.000	299.879	0	0.314	2	+	J5A59_RS01710	1
NZ_CP072338.1	384559	384588	TGACCAATATTCCTCACTGCTGCCTCCCGT	42.820	100.000	298.627	0	0.391	2	+	J5A59_RS01710	1
NZ_CP072338.1	384594	384623	TTTGGACCGTGTCTCAGTTCCAATGTGGGG	42.150	98.008	286.907	0	0.281	2	+	J5A59_RS01710	1
NZ_CP072338.1	384628	384657	TTCCTCTCAGAACCCCTACTGATCGTCGCC	42.290	100.000	298.069	0	0.304	2	+	J5A59_RS01710	1
NZ_CP072338.1	384661	384690	GTGGGCCGTTGCCCCGCCAACAAGCTAATC	46.750	98.908	281.187	0	0.107	2	+	J5A59_RS01710	1
NZ_CP072338.1	384691	384720	AGACGCATCCCCATCCCTTACCGGAAAACC	43.430	99.851	288.737	0	0.316	2	+	J5A59_RS01710	1
NZ_CP072338.1	384731	384760	ATCGGATGCCGTCAATGAAACACATCGGGT	42.210	98.367	298.367	0	0.186	2	+	J5A59_RS01710	1
NZ_CP072338.1	384761	384790	ATTAGGCCGTCTTTCAACGGGGTATCCCCA	42.720	96.159	293.881	0	0.125	2	+	J5A59_RS01710	1
NZ_CP072338.1	384794	384823	AAGGGGCAGGTTGGATACGCGATACTCACC	43.160	99.081	298.212	0	0.346	2	+	J5A59_RS01710	1
NZ_CP072338.1	384825	384854	GTGCGCCGGTCGACGTCCAGAATGTGCAAG	46.290	96.024	290.562	0	0.249	2	+	J5A59_RS01710	1
NZ_CP072338.1	384859	384888	TAATGCCGTTTCCCCACGACTTGCATGTGT	42.510	100.000	300.000	0	0.294	2	+	J5A59_RS01710	1
NZ_CP072338.1	384889	384918	TAAGCCTGTAGCCAGCGTTCATCCTGAGCC	43.300	98.890	297.569	0	0.268	2	+	J5A59_RS01710	1
NZ_CP072338.1	529033	529062	CCCCGGTACGGTAACCCGCACGTCAGTTTA	44.700	96.844	0.000	0	0.073	0	+	J5A59_RS02270	1
NZ_CP072338.1	529063	529092	GCAAACTGGTGGTTTCAGCCACTCACCCAT	42.960	99.577	0.000	0	0.189	0	+	J5A59_RS02270	1
NZ_CP072339.1	72948	72977	AAAAGGCAGCTACCTACTCTCCCGCATTGC	42.240	100.000	298.159	0	0.283	2	+	J5A59_RS02985	1
NZ_CP072339.1	72978	73007	ATTGCAGTACCATCGGCGCAACCGGGCTTA	45.490	99.353	295.588	0	0.189	2	+	J5A59_RS02985	1
NZ_CP072339.1	73013	73042	TCTGTTCGGAATGGGAAGAGGTGGAACCCC	43.010	94.213	294.213	0	0.193	2	+	J5A59_RS02985	1
NZ_CP072339.1	73174	73203	AGCTTCGGGCTATTAGTAGTGCTCGGCTGT	42.530	100.000	296.825	0	0.337	2	+	J5A59_RS02990	1
NZ_CP072339.1	73204	73233	GACGTCGCCGTCTATACACCTGCACCCTAT	42.620	100.000	299.988	0	0.313	2	+	J5A59_RS02990	1
NZ_CP072339.1	73263	73292	AGGAGTTCTAATCTTGCGGAAGGCTTCGCG	42.080	100.000	296.632	0	0.221	2	+	J5A59_RS02990	1
NZ_CP072339.1	73299	73328	TGCTTTCAGCGCTTATCCATGCCAGACTCG	42.500	99.892	299.892	0	0.348	2	+	J5A59_RS02990	1
NZ_CP072339.1	73353	73382	CACAACCGGCAGACCGGAGGTCTGTCCACC	46.760	100.000	298.159	0	0.015	2	+	J5A59_RS02990	1
NZ_CP072339.1	73383	73412	ACGGTCCTCTCGTACTAGTGGCGGAACCAC	43.960	97.042	290.491	0	0.224	2	+	J5A59_RS02990	1
NZ_CP072339.1	73417	73446	AACTCCAGCGCCCACGATAGATAGAGACCG	42.480	97.171	297.171	0	0.255	2	+	J5A59_RS02990	1
NZ_CP072339.1	73448	73477	ACTGTCTCACGACGTTCTGAACCCAGCTCG	43.090	99.365	295.562	0	0.302	2	+	J5A59_RS02990	1
NZ_CP072339.1	73478	73507	CGTGCCACTTTAATGGGCGAACAGCCCAAC	43.750	100.000	299.471	0	0.044	2	+	J5A59_RS02990	1
NZ_CP072339.1	73508	73537	CCTTGGGACCTTCTCCAGCCCCAGGATGTG	44.990	99.234	297.862	0	0.155	2	+	J5A59_RS02990	1
NZ_CP072339.1	73538	73567	ACGAGCCGACATCGAGGTGCCAAACCACCC	46.960	98.432	298.432	0	0.226	2	+	J5A59_RS02990	1
NZ_CP072339.1	73588	73617	GGGGATCAGCCTGTTATCCCCGGAGTACCT	43.730	94.850	282.996	0	0.195	2	+	J5A59_RS02990	1
NZ_CP072339.1	73627	73656	TGAGCGATGCAGTTTCCATACACGTGCACC	42.760	98.914	297.133	0	0.308	2	+	J5A59_RS02990	1
NZ_CP072339.1	73657	73686	GGATCACTATGCCCCAGTTTCCTGCCTGCT	43.510	98.711	295.598	0	0.358	2	+	J5A59_RS02990	1
NZ_CP072339.1	73689	73718	GCATGTCTGCCTCCCAGTCAAGCGCCCTTA	45.340	100.000	294.068	0	0.325	2	+	J5A59_RS02990	1
NZ_CP072339.1	73719	73748	TGCCATTGCACTCCATGAGGCCGGTTACCA	45.260	97.727	297.607	0	0.223	2	+	J5A59_RS02990	1
NZ_CP072339.1	73753	73782	GCCCGAGGGCACCTTTGGAAGCCTCCGTTA	46.820	99.349	298.697	0	0.053	2	+	J5A59_RS02990	1
NZ_CP072339.1	73783	73812	CGCTTTTGGAGGCGACCACCCCAGTCAAAC	44.790	100.000	300.000	0	0.253	2	+	J5A59_RS02990	1
NZ_CP072339.1	73836	73865	AACGGCGGGTTAGACCCCGGACAGCCAAAG	46.890	96.432	296.432	0	0.147	2	+	J5A59_RS02990	1
NZ_CP072339.1	73866	73895	GGCCGTATTTCAAGGATGGCTCCACGAACA	42.370	100.000	200.000	0	0.273	0	+	J5A59_RS02990	1
NZ_CP072339.1	73903	73932	GCGCGCTTCGAAGCCTCCGGCCTATCCTAC	46.900	99.702	294.881	0	0.193	2	+	J5A59_RS02990	1
NZ_CP072339.1	73935	73964	ATCGGATGACCAAGGTCAGTGCTAAGCTGC	42.010	98.911	298.433	0	0.262	2	+	J5A59_RS02990	1
NZ_CP072339.1	73968	73997	AAAGGTTCACGGGGTCTTTTCGTCCCATCG	42.270	98.741	288.975	0	0.252	2	+	J5A59_RS02990	1
NZ_CP072339.1	74032	74061	CACTGAGATCATGGTTGAGACAGCGTCCGG	42.040	99.024	299.024	0	0.275	2	+	J5A59_RS02990	1
NZ_CP072339.1	74068	74097	ACACCATTCGTGCAGGTCGGAACTTACCCG	43.660	97.858	296.906	0	0.201	2	+	J5A59_RS02990	1
NZ_CP072339.1	74113	74142	ACCTTAGGACCGTTATAGTTACGGCCGCCG	42.820	100.000	296.506	0	0.265	2	+	J5A59_RS02990	1
NZ_CP072339.1	74143	74172	TTTACCGGGGCTTCAATTCAGGCCTTCGAC	42.390	99.166	297.186	0	0.372	2	+	J5A59_RS02990	1
NZ_CP072339.1	74175	74204	AAGTCTGAGCCCTCCTCTTAACCTTCCGGC	42.770	100.000	299.873	0	0.322	2	+	J5A59_RS02990	1
NZ_CP072339.1	74205	74234	ACCGGGCAGGTGTCAGGCTGTATACGTCAT	44.210	100.000	292.679	0	0.324	2	+	J5A59_RS02990	1
NZ_CP072339.1	74267	74296	AAACAGTTGCCTGGACCTATTCTCTGCGCC	42.380	100.000	300.000	0	0.320	2	+	J5A59_RS02990	1
NZ_CP072339.1	74304	74333	AAACGAGGACCCCTTATCCCGAGGTTACGG	42.560	95.159	96.402	0	0.239	0	+	J5A59_RS02990	1
NZ_CP072339.1	74383	74412	GTTCTACCCGACTACGTGTGTCCGTTTGCG	42.330	96.608	296.608	0	0.278	2	+	J5A59_RS02990	1
NZ_CP072339.1	74414	74443	TACGGGTTGCCCAAACATTGAGCTTAGCGG	42.720	99.954	299.359	0	0.204	2	+	J5A59_RS02990	1
NZ_CP072339.1	74453	74482	GAAGTATGGTTACCTGTGCTGTCGGTCCGC	42.220	100.000	295.486	0	0.329	2	+	J5A59_RS02990	1
NZ_CP072339.1	74488	74517	GGGGAGGACCGTACTATCGGCCATCAGCTC	44.270	97.783	295.769	0	0.241	2	+	J5A59_RS02990	1
NZ_CP072339.1	74518	74547	CGGGTGTGGATTTGCCTGCACCCATCAAAG	43.540	100.000	300.000	0	0.295	2	+	J5A59_RS02990	1
NZ_CP072339.1	74550	74579	TAAAGCCTTCAACGCCCATGTCCGTAAGGG	42.200	100.000	287.407	0	0.150	0	+	J5A59_RS02990	1
NZ_CP072339.1	74581	74610	GCGACAGTGTCACTGCTCCGTCTCCGCGTC	46.860	99.013	293.324	0	0.247	2	+	J5A59_RS02990	1
NZ_CP072339.1	74613	74642	TGAATGGGCAAGTCACGGAATGTTCACCGT	42.300	100.000	300.000	0	0.242	2	+	J5A59_RS02990	1
NZ_CP072339.1	74648	74677	CCATCGCCTTCGCCGTTCGGCTGGGACTTA	46.770	100.000	294.603	0	0.250	2	+	J5A59_RS02990	1
NZ_CP072339.1	74694	74723	GGGCTGACTGGCATCGCCCGGGAAACCTTA	46.870	99.462	296.806	0	0.151	2	+	J5A59_RS02990	1
NZ_CP072339.1	74776	74805	TTGCTTTTCCATGCGCTCCAGGATCTGTCA	42.210	100.000	297.978	0	0.302	2	+	J5A59_RS02990	1
NZ_CP072339.1	74808	74837	ATCACCATTCTGCGCACATGGAATGCTCCC	42.900	98.187	289.905	0	0.211	2	+	J5A59_RS02990	1
NZ_CP072339.1	74857	74886	ACAATGCTATCCCGCGCCTTCGGTATCTGA	42.950	99.273	294.288	0	0.325	2	+	J5A59_RS02990	1
NZ_CP072339.1	74891	74920	ATACCCGATTATTATCCACGCCCGGACCCT	42.240	96.748	282.476	0	0.351	2	+	J5A59_RS02990	1
NZ_CP072339.1	74953	74982	AATGGCTGCTTCCAAGCCAACATCCTAGCT	42.200	99.647	299.647	0	0.170	2	+	J5A59_RS02990	1
NZ_CP072339.1	75036	75065	GACGACGGTCAGGATTCTTCTCCTCTCGGG	42.560	98.116	288.866	0	0.204	2	+	J5A59_RS02990	1
NZ_CP072339.1	75085	75114	CCCCTTACTGCACGACTACGGTCCGTGAGC	44.830	100.000	296.817	0	0.247	2	+	J5A59_RS02990	1
NZ_CP072339.1	75115	75144	ATTCGGAGTTCGTCAGGTCGCGACAGGCGG	46.540	96.671	287.937	0	0.156	2	+	J5A59_RS02990	1
NZ_CP072339.1	75147	75176	AAGCCCTCTTGACCTATCGGTCGCTCTACC	42.340	100.000	298.387	0	0.218	2	+	J5A59_RS02990	1
NZ_CP072339.1	75177	75206	TCTCACGGAGAACATCGCACGCGGCACCTA	46.070	99.710	296.131	0	0.175	2	+	J5A59_RS02990	1
NZ_CP072339.1	75208	75237	ATGCCTTTCGGGGAGTACGAGCTATCTCCA	42.060	100.000	300.000	0	0.267	2	+	J5A59_RS02990	1
NZ_CP072339.1	75273	75302	TCGGGAAGCTTTTCAACGCTTATCCGTGCG	42.890	100.000	300.000	0	0.188	2	+	J5A59_RS02990	1
NZ_CP072339.1	75346	75375	AGATCACTTGGTTTCGCGTCTACCCCACCC	43.240	100.000	297.856	0	0.399	2	+	J5A59_RS02990	1
NZ_CP072339.1	75376	75405	AACTGAACGCCCTCTTCAGGCTCGCTTTCA	43.520	100.000	295.483	0	0.303	2	+	J5A59_RS02990	1
NZ_CP072339.1	75406	75435	CTGCGGATACGGGGCTGAGCCCCTTAACCT	46.200	99.218	294.052	0	0.048	2	+	J5A59_RS02990	1
NZ_CP072339.1	75464	75493	TATGCAAAAGGCACGCCGTCACATACAGGA	42.130	100.000	246.093	0	0.163	2	+	J5A59_RS02990	1
NZ_CP072339.1	75494	75523	ATATGCTCCGACCGCTTGTAGGCGCATGGT	44.970	100.000	297.343	0	0.230	2	+	J5A59_RS02990	1
NZ_CP072339.1	75548	75577	ATCGGAGTGCTTTTCACCTTTCCCTCACGG	42.130	100.000	290.913	0	0.310	2	+	J5A59_RS02990	1
NZ_CP072339.1	75591	75620	TCGGTCTCACGGGAGTATTTAGCCTTGCCG	43.000	100.000	297.754	0	0.238	2	+	J5A59_RS02990	1
NZ_CP072339.1	75621	75650	GATGGGCCCGGCAGATTCACGCAGAATTAC	42.990	100.000	296.199	0	0.204	2	+	J5A59_RS02990	1
NZ_CP072339.1	75651	75680	TCGTGCTCCGCGCTACTCAGGATACCACTA	43.470	100.000	297.149	0	0.256	2	+	J5A59_RS02990	1
NZ_CP072339.1	75681	75710	CGCCCCATCATGCTTCGGATACGGGACTGT	44.970	98.322	291.939	0	0.166	2	+	J5A59_RS02990	1
NZ_CP072339.1	75736	75765	AACATTCTCCTCACACCCAGGGTACGACGG	42.840	93.816	277.800	0	0.243	2	+	J5A59_RS02990	1
NZ_CP072339.1	75786	75815	CGCGCATTGAAACGCAGCGGGTTTGGGCTA	46.850	97.236	289.489	0	0.173	2	+	J5A59_RS02990	1
NZ_CP072339.1	75918	75947	TCAGGATAGCACTCCTTCAGAGTGCTGGGT	42.030	100.000	300.000	0	0.044	2	+	J5A59_RS02990	1
NZ_CP072339.1	75948	75977	TGTCCCATTCGGAAATCCCCGGATCAGAGA	42.320	94.905	288.025	0	0.210	2	+	J5A59_RS02990	1
NZ_CP072339.1	75978	76007	TTGCTTGCATCTACCCGGGGCTTATCGCAG	43.910	100.000	299.448	0	0.345	2	+	J5A59_RS02990	1
NZ_CP072339.1	76008	76037	CTTGACACGTCCTTCATCGCCTCCGTGAGC	43.910	100.000	296.420	0	0.289	2	+	J5A59_RS02990	1
NZ_CP072339.1	76038	76067	CAAGGCATCCGCCATGCGCCCTTCATTACT	44.520	100.000	297.179	0	0.148	2	+	J5A59_RS02990	1
NZ_CP072339.1	76460	76489	CGCACCTTCCGGTACGGCTACCTTGTTACG	43.720	99.563	292.908	0	0.080	2	+	J5A59_RS02995	1
NZ_CP072339.1	76490	76519	ACTTAGCCCCAATCACCGGTCTTGCCCTAG	43.050	100.000	300.000	0	0.453	2	+	J5A59_RS02995	1
NZ_CP072339.1	76520	76549	GTCGCTCCTCGCGGTCACGAACTTCAGGCA	46.660	100.000	294.008	0	0.208	2	+	J5A59_RS02995	1
NZ_CP072339.1	76554	76583	CGGCTTTCATGGCTTGACGGGCGGTGTGTA	45.850	100.000	295.547	0	0.352	2	+	J5A59_RS02995	1
NZ_CP072339.1	76591	76620	CGGGAACGTATTCACCGCGCCATGGCTGAT	45.760	98.241	295.795	0	0.200	2	+	J5A59_RS02995	1
NZ_CP072339.1	76621	76650	GCGCGATTACTAGCGAATCCAGCTTCGTGG	42.730	99.353	298.441	0	0.256	2	+	J5A59_RS02995	1
NZ_CP072339.1	76651	76680	GGTCGGGTTGCAGACCCCAGTCCGAACTGG	46.840	97.873	295.905	0	0.132	2	+	J5A59_RS02995	1
NZ_CP072339.1	76694	76723	GATTGGATGCAACTTGCATTGCACCGTCCC	42.440	98.965	294.840	0	0.099	2	+	J5A59_RS02995	1
NZ_CP072339.1	76726	76755	TGTACCGGCCATTGTAACACGTGTGTAGCC	42.210	100.000	295.037	0	0.289	2	+	J5A59_RS02995	1
NZ_CP072339.1	76756	76785	CCGGACGTAAGGGCCGTGCTGATTTGACGT	45.420	98.626	296.246	0	0.158	2	+	J5A59_RS02995	1
NZ_CP072339.1	76832	76861	CCCGGCATCACCCGATGGCAACTGGGAAAG	46.130	98.202	297.780	0	0.142	2	+	J5A59_RS02995	1
NZ_CP072339.1	76862	76891	GGGGTTGCGCTCGTTATGGCACTTAAGCCG	44.800	100.000	295.009	0	0.324	2	+	J5A59_RS02995	1
NZ_CP072339.1	76892	76921	ACACCTCACGGCACGAGCTGACGACAACCA	46.380	100.000	300.000	0	0.113	2	+	J5A59_RS02995	1
NZ_CP072339.1	76924	76953	CAGCACCTTCACAGACGCCCCGAAGGGAAG	45.530	99.782	299.782	0	0.045	2	+	J5A59_RS02995	1
NZ_CP072339.1	76954	76983	CCCACGTCTCTGTGGACCGCGACTGCAATT	45.420	99.681	0.000	0	0.236	0	+	J5A59_RS02995	1
NZ_CP072339.1	76984	77013	CAAGCCCGGGTAAGGTTCCTCGCGTATCAT	43.310	99.838	299.838	0	0.401	2	+	J5A59_RS02995	1
NZ_CP072339.1	77018	77047	TTAAACCACATGTTCCTCCGCTTGTGCGGG	42.850	100.000	299.249	0	0.089	2	+	J5A59_RS02995	1
NZ_CP072339.1	77055	77084	CAATTCCTTTGAGTTTCACCGTTGCCGGCG	42.400	98.196	298.083	0	0.203	2	+	J5A59_RS02995	1
NZ_CP072339.1	77086	77115	ACTCCCCAGGTGGGATGCTTAATGCTTTCG	42.150	100.000	297.065	0	0.102	2	+	J5A59_RS02995	1
NZ_CP072339.1	77136	77165	GCCAACGGCGGGCATCCATCGTTTACCGTG	46.550	98.824	284.648	0	0.179	2	+	J5A59_RS02995	1
NZ_CP072339.1	77184	77213	AATCCTGTTCGATACCCGCACCTTCGAGCT	42.880	100.000	300.000	0	0.306	2	+	J5A59_RS02995	1
NZ_CP072339.1	77214	77243	TAAGCGTCAGTAACACTCCCGCAGGCTGCC	45.130	100.000	293.997	0	0.130	2	+	J5A59_RS02995	1
NZ_CP072339.1	77274	77303	GCATTTCACCGCTACACCATGAATTCCGCC	42.040	98.441	298.441	0	0.416	2	+	J5A59_RS02995	1
NZ_CP072339.1	77304	77333	TGCGCTGCGTGTACTCAAGTCTGACAGTTC	42.200	97.117	294.080	0	0.309	2	+	J5A59_RS02995	1
NZ_CP072339.1	77369	77398	CAACACGCTTAACAGACCGCCTACACTCCC	42.350	100.000	300.000	0	0.372	2	+	J5A59_RS02995	1
NZ_CP072339.1	77403	77432	AACCCAATAAATCCGGATAACGCCCGGACC	42.160	93.307	284.470	0	0.166	2	+	J5A59_RS02995	1
NZ_CP072339.1	77433	77462	TTCCGTATTACCGCGGCTGCTGGCACGGAA	46.760	98.322	294.984	0	0.125	2	+	J5A59_RS02995	1
NZ_CP072339.1	77477	77506	TTCATGAGGTACATGCAATGGCGCACACGT	42.680	100.000	300.000	0	0.160	2	+	J5A59_RS02995	1
NZ_CP072339.1	77534	77563	GTTTACAACCCATAGGGCCGTCATCCTGCA	42.100	99.711	295.628	0	0.238	2	+	J5A59_RS02995	1
NZ_CP072339.1	77564	77593	CGCTACTTGGCTGGTTCAGACTTGCGTCCA	43.800	100.000	299.879	0	0.314	2	+	J5A59_RS02995	1
NZ_CP072339.1	77595	77624	TGACCAATATTCCTCACTGCTGCCTCCCGT	42.820	100.000	298.627	0	0.391	2	+	J5A59_RS02995	1
NZ_CP072339.1	77630	77659	TTTGGACCGTGTCTCAGTTCCAATGTGGGG	42.150	98.008	286.907	0	0.281	2	+	J5A59_RS02995	1
NZ_CP072339.1	77664	77693	TTCCTCTCAGAACCCCTACTGATCGTCGCC	42.290	100.000	298.069	0	0.304	2	+	J5A59_RS02995	1
NZ_CP072339.1	77697	77726	GTGGGCCGTTGCCCCGCCAACTAGCTAATC	46.050	98.550	286.373	0	0.115	2	+	J5A59_RS02995	1
NZ_CP072339.1	77768	77797	ATCGGATGCCGTCAATGAAACACATCGGGT	42.210	98.367	298.367	0	0.186	2	+	J5A59_RS02995	1
NZ_CP072339.1	77798	77827	ATTAGGCCGTCTTTCAACGGGGTATCCCCA	42.720	96.159	293.881	0	0.125	2	+	J5A59_RS02995	1
NZ_CP072339.1	77831	77860	AAGGGGCAGGTTGGATACGCGATACTCACC	43.160	99.081	298.212	0	0.346	2	+	J5A59_RS02995	1
NZ_CP072339.1	77862	77891	GTGCGCCGGTCGACGTCCAGAATGTGCAAG	46.290	96.024	290.562	0	0.249	2	+	J5A59_RS02995	1
NZ_CP072339.1	77896	77925	TAATGCCGTTTCCCCACGACTTGCATGTGT	42.510	100.000	300.000	0	0.294	2	+	J5A59_RS02995	1
NZ_CP072339.1	77926	77955	TAAGCCTGTAGCCAGCGTTCATCCTGAGCC	43.300	98.890	297.569	0	0.268	2	+	J5A59_RS02995	1
NZ_CP072339.1	82914	82943	CGGGACTTGAACCCGCACAGCCATTACTGG	44.320	98.590	0.000	0	0.272	0	+	J5A59_RS03015	1
NZ_CP072339.1	82960	82989	CCCTCGTGTCTACCAATTCCACCATTGCGG	42.550	99.177	0.000	0	0.382	0	+	J5A59_RS03015	1
NZ_CP072339.1	419178	419207	CGACCCCTACGTCCCGAACGTAGTGCGCTA	45.630	99.456	0.000	0	0.097	0	+	J5A59_RS04490	1
NZ_CP072339.1	431031	431060	CCAGCGTTCATCCTGAGCCAGGATCAAACT	42.040	99.553	299.553	0	0.112	2	-	J5A59_RS04550	1
NZ_CP072339.1	431063	431092	TTCCCCACGACTTGCATGTGTTAAGCCTGT	42.150	100.000	300.000	0	0.272	2	-	J5A59_RS04550	1
NZ_CP072339.1	431100	431129	CGGTCGACGTCCAGAATGTGCAAGCACATA	42.330	96.600	296.600	0	0.153	2	-	J5A59_RS04550	1
NZ_CP072339.1	431130	431159	AGGTTGGATACGCGATACTCACCCGTGCGC	45.090	98.843	293.955	0	0.239	2	-	J5A59_RS04550	1
NZ_CP072339.1	431160	431189	CTTTCAACGGGGTATCCCCAAGTAAGGGGC	42.170	96.611	292.996	0	0.057	2	-	J5A59_RS04550	1
NZ_CP072339.1	431200	431229	ATCGGATGCCGTCAATGAAACACATCGGGT	42.210	100.000	296.733	0	0.188	2	-	J5A59_RS04550	1
NZ_CP072339.1	431243	431272	TCAGACGCATCCCCATCCCTTACCGGAAAA	42.840	100.000	298.793	0	0.309	2	-	J5A59_RS04550	1
NZ_CP072339.1	431288	431317	TACTGATCGTCGCCTTGGTGGGCCGTTGCC	46.980	97.620	297.620	0	0.141	2	-	J5A59_RS04550	1
NZ_CP072339.1	431338	431367	TTTGGACCGTGTCTCAGTTCCAATGTGGGG	42.150	94.449	290.466	0	0.179	2	-	J5A59_RS04550	1
NZ_CP072339.1	431373	431402	TGACCAATATTCCTCACTGCTGCCTCCCGT	42.820	99.313	299.313	0	0.281	2	-	J5A59_RS04550	1
NZ_CP072339.1	431403	431432	GCTACTTGGCTGGTTCAGACTTGCGTCCAT	42.310	99.215	299.215	0	0.130	2	-	J5A59_RS04550	1
NZ_CP072339.1	431433	431462	TTTACAACCCATAGGGCCGTCATCCTGCAC	42.100	98.615	298.297	0	0.187	2	-	J5A59_RS04550	1
NZ_CP072339.1	431470	431499	CGCACACGTGCGCCACTTTATTCCCACATA	42.950	99.632	298.413	0	0.249	2	-	J5A59_RS04550	1
NZ_CP072339.1	431517	431546	GCTGGCACGGAATTAGCCGGTCCTTATTCA	42.240	98.816	297.854	0	0.354	2	-	J5A59_RS04550	1
NZ_CP072339.1	431548	431577	TAACGCCCGGACCTTCCGTATTACCGCGGC	46.560	97.441	293.771	0	0.184	2	-	J5A59_RS04550	1
NZ_CP072339.1	431597	431626	ACACGCTTAACAGACCGCCTACACTCCCTT	42.780	100.000	300.000	0	0.424	2	-	J5A59_RS04550	1
NZ_CP072339.1	431652	431681	ACTCAAGTCTGACAGTTCGCGCTGCAAGTT	42.270	99.328	299.328	0	0.276	2	-	J5A59_RS04550	1
NZ_CP072339.1	431682	431711	TACACCATGAATTCCGCCTGCGCTGCGTGT	45.700	99.393	297.532	0	0.185	2	-	J5A59_RS04550	1
NZ_CP072339.1	431730	431759	GCTGCCTTCGCGATCGGAGTTCCTCATGAT	43.610	100.000	300.000	0	0.104	2	-	J5A59_RS04550	1
NZ_CP072339.1	431760	431789	CGAGCTTAAGCGTCAGTAACACTCCCGCAG	42.270	100.000	298.485	0	0.294	2	-	J5A59_RS04550	1
NZ_CP072339.1	431814	431843	TCGTTTACCGTGCGGACTACCAGGGTATCT	42.060	96.973	274.793	0	0.261	2	-	J5A59_RS04550	1
NZ_CP072339.1	431864	431893	TTAATGCTTTCGCTTGGCCGCAGGCGCAGG	46.810	98.454	298.454	0	0.088	2	-	J5A59_RS04550	1
NZ_CP072339.1	431900	431929	TTTCACCGTTGCCGGCGTACTCCCCAGGTG	46.960	96.876	295.757	0	0.061	2	-	J5A59_RS04550	1
NZ_CP072339.1	431948	431977	AAACCACATGTTCCTCCGCTTGTGCGGGCC	46.360	100.000	297.915	0	0.033	2	-	J5A59_RS04550	1
NZ_CP072339.1	431980	432009	CCCGGGTAAGGTTCCTCGCGTATCATCGAA	42.840	97.710	289.614	0	0.247	2	-	J5A59_RS04550	1
NZ_CP072339.1	432010	432039	CGTCTCTGTGGGCTGCGACTGCAATTCAAG	43.080	98.640	188.872	0	0.240	0	-	J5A59_RS04550	1
NZ_CP072339.1	432043	432072	AGCACCTTCACAGACGCCCCGAAGGGAAGC	46.880	100.000	296.071	0	0.190	2	-	J5A59_RS04550	1
NZ_CP072339.1	432073	432102	CCTCACGGCACGAGCTGACGACAACCATGC	46.020	98.092	294.739	0	0.265	2	-	J5A59_RS04550	1
NZ_CP072339.1	432103	432132	GTTGCGCTCGTTATGGCACTTAAGCCGACA	42.890	98.339	294.875	0	0.404	2	-	J5A59_RS04550	1
NZ_CP072339.1	432133	432162	GGCATCACCCGATGGCAACTGGGAAAGGGG	46.080	99.513	296.221	0	0.275	2	-	J5A59_RS04550	1
NZ_CP072339.1	432183	432212	TCATCCCCACCTTCCTCGCACCTTGCGGTG	46.760	98.075	298.075	0	0.053	2	-	J5A59_RS04550	1
NZ_CP072339.1	432213	432242	CCCGGACGTAAGGGCCGTGCTGATTTGACG	45.780	99.687	294.410	0	0.300	2	-	J5A59_RS04550	1
NZ_CP072339.1	432246	432275	CCTCTGTACCGGCCATTGTAACACGTGTGT	42.020	95.235	295.235	0	0.268	2	-	J5A59_RS04550	1
NZ_CP072339.1	432302	432331	CCCAGTCCGAACTGGGACCGGATTTCAAGA	43.090	98.484	293.410	0	0.123	2	-	J5A59_RS04550	1
NZ_CP072339.1	432332	432361	AATCCAGCTTCGTGGGGTCGGGTTGCAGAC	45.450	99.281	299.066	0	0.251	2	-	J5A59_RS04550	1
NZ_CP072339.1	432362	432391	CGCGCCATGGCTGATGCGCGATTACTAGCG	46.410	99.595	293.000	0	0.080	2	-	J5A59_RS04550	1
NZ_CP072339.1	432392	432421	GGTGTGTACAAGGCCCGGGAACGTATTCAC	42.450	98.150	293.000	0	0.358	2	-	J5A59_RS04550	1
NZ_CP072339.1	432444	432473	CTCCTCGCGGTCACGAACTTCAGGCACCCC	46.860	99.464	299.464	0	0.186	2	-	J5A59_RS04550	1
NZ_CP072339.1	432474	432503	AGCCCCAATCACCGGTCTTGCCCTAGGTCG	46.330	97.184	296.677	0	0.284	2	-	J5A59_RS04550	1
NZ_CP072339.1	432505	432534	ACCTTCCGGTACGGCTACCTTGTTACGACT	42.200	95.934	294.482	0	0.153	2	-	J5A59_RS04550	1
NZ_CP072339.1	432733	432762	CCGACCTCCACATTATCAGTGTGGCGCTCT	43.230	99.424	100.000	0	0.153	0	-	J5A59_RS04555	1
NZ_CP072339.1	432809	432838	GCAGGTGCTCTAGCCAACTGAGCTAATCCC	42.070	98.436	99.208	0	0.264	0	-	J5A59_RS04560	1
NZ_CP072339.1	433079	433108	TCCGCCATGCGCCCTTCATTACTTTCCATT	42.520	100.000	300.000	0	0.194	2	-	J5A59_RS04565	1
NZ_CP072339.1	433109	433138	CGTCCTTCATCGCCTCCGTGAGCCAAGGCA	46.780	96.775	296.775	0	0.182	2	-	J5A59_RS04565	1
NZ_CP072339.1	433139	433168	CATCTACCCGGGGCTTATCGCAGCTTGACA	43.330	98.589	298.589	0	0.340	2	-	J5A59_RS04565	1
NZ_CP072339.1	433176	433205	TGTCCCATTCGGAAATCCCCGGATCAGAGA	42.320	96.560	286.371	0	0.146	2	-	J5A59_RS04565	1
NZ_CP072339.1	433206	433235	TCAGGATAGCACTCCTTCAGAGTGCTGGGT	42.030	100.000	300.000	0	0.045	2	-	J5A59_RS04565	1
NZ_CP072339.1	433311	433340	CTACTCCCCGTTCGCTCGCCACTACTGGGG	46.060	99.584	298.273	0	0.259	2	-	J5A59_RS04565	1
NZ_CP072339.1	433371	433400	CAGGGTACGACGGCGTGGTCCTACAACCCC	46.390	98.124	285.469	0	0.227	2	-	J5A59_RS04565	1
NZ_CP072339.1	433420	433449	GGACTGTCACCCGCTACGGTTGAACTTTCC	42.370	100.000	296.945	0	0.080	2	-	J5A59_RS04565	1
NZ_CP072339.1	433467	433496	TCCGCGCTACTCAGGATACCACTACGCCCC	45.580	97.252	297.252	0	0.399	2	-	J5A59_RS04565	1
NZ_CP072339.1	433497	433526	CCCGGCAGATTCACGCAGAATTACTCGTGC	42.960	100.000	300.000	0	0.202	2	-	J5A59_RS04565	1
NZ_CP072339.1	433527	433556	TCACGGGAGTATTTAGCCTTGCCGGATGGG	43.220	99.617	293.902	0	0.259	2	-	J5A59_RS04565	1
NZ_CP072339.1	433618	433647	CGCTTGTAGGCGCATGGTTTCAGGAACTGT	42.800	100.000	300.000	0	0.260	2	-	J5A59_RS04565	1
NZ_CP072339.1	433691	433720	CCTCGCTGGGCATGGTAACTCGTAGGTTCA	43.030	100.000	299.546	0	0.306	2	-	J5A59_RS04565	1
NZ_CP072339.1	433721	433750	TCACTGCGGATACGGGGCTGAGCCCCTTAA	45.780	98.010	296.489	0	0.044	2	-	J5A59_RS04565	1
NZ_CP072339.1	433751	433780	CCCAACTGAACGCCCTCTTCAGGCTCGCTT	45.400	100.000	300.000	0	0.302	2	-	J5A59_RS04565	1
NZ_CP072339.1	433823	433852	CGGTCCTCCATTCCGTGTTACCGGAACTTC	42.050	95.018	291.619	0	0.175	2	-	J5A59_RS04565	1
NZ_CP072339.1	433915	433944	TGCCTTTCGGGGAGTACGAGCTATCTCCAA	42.170	98.278	297.150	0	0.199	2	-	J5A59_RS04565	1
NZ_CP072339.1	433945	433974	TCACGGAGAACATCGCACGCGGCACCTAAA	45.180	98.827	297.397	0	0.378	2	-	J5A59_RS04565	1
NZ_CP072339.1	433975	434004	GCCCTCTTGACCTATCGGTCGCTCTACCTC	42.490	98.779	298.105	0	0.063	2	-	J5A59_RS04565	1
NZ_CP072339.1	434005	434034	GGAGTTCGTCAGGTCGCGACAGGCGGTGAA	46.510	97.297	295.213	0	0.162	2	-	J5A59_RS04565	1
NZ_CP072339.1	434037	434066	CCTTACTGCACGACTACGGTCCGTGAGCAT	43.050	98.808	298.808	0	0.214	2	-	J5A59_RS04565	1
NZ_CP072339.1	434070	434099	TCTCCTCTCGGGGACGGACCTTAGCACCCG	46.700	97.719	297.719	0	0.154	2	-	J5A59_RS04565	1
NZ_CP072339.1	434144	434173	GCTGTCACCGGGACCAGACTTCGTTAGACT	42.710	100.000	300.000	0	0.133	2	-	J5A59_RS04565	1
NZ_CP072339.1	434207	434236	CCCTCGACCAGTGAGCTGTTACGCACTCTT	43.070	100.000	300.000	0	0.194	2	-	J5A59_RS04565	1
NZ_CP072339.1	434255	434284	CGCGCCTTCGGTATCTGACTTCATACCCGA	42.950	100.000	298.389	0	0.203	2	-	J5A59_RS04565	1
NZ_CP072339.1	434305	434334	GCGCACATGGAATGCTCCCCTACCGATACT	43.380	98.438	298.438	0	0.282	2	-	J5A59_RS04565	1
NZ_CP072339.1	434336	434365	GCGCTCCAGGATCTGTCACCATCACCATTC	42.410	99.571	299.571	0	0.268	2	-	J5A59_RS04565	1
NZ_CP072339.1	434414	434443	CCCGGGAAACCTTAGTCTTGCGGCGAGGGG	46.920	98.399	297.662	0	0.227	2	-	J5A59_RS04565	1
NZ_CP072339.1	434450	434479	CTTAGGACCCGACTGACCCCGGGCTGACTG	45.980	99.259	296.426	0	0.282	2	-	J5A59_RS04565	1
NZ_CP072339.1	434483	434512	GTGTATGCCATCGCCTTCGCCGTTCGGCTG	46.290	100.000	296.731	0	0.046	2	-	J5A59_RS04565	1
NZ_CP072339.1	434515	434544	TCGCTGAATGGGCAAGTCACGGAATGTTCA	42.290	99.454	298.316	0	0.302	2	-	J5A59_RS04565	1
NZ_CP072339.1	434549	434578	AAGGGCGCGACAGTGTCACTGCTCCGTCTC	46.570	96.879	296.250	0	0.225	2	-	J5A59_RS04565	1
NZ_CP072339.1	434579	434608	AAGCCTAAAGCCTTCAACGCCCATGTCCGT	43.870	99.530	296.428	0	0.214	2	-	J5A59_RS04565	1
NZ_CP072339.1	434609	434638	CTCCGGGTGTGGATTTGCCTGCACCCATCA	45.620	98.943	298.943	0	0.211	2	-	J5A59_RS04565	1
NZ_CP072339.1	434667	434696	TATGGTTACCTGTGCTGTCGGTCCGCCCCG	46.310	95.987	295.987	0	0.162	2	-	J5A59_RS04565	1
NZ_CP072339.1	434708	434737	CGGGTTGCCCAAACATTGAGCTTAGCGGAT	42.990	100.000	300.000	0	0.145	2	-	J5A59_RS04565	1
NZ_CP072339.1	434738	434767	CTACCCGACTACGTGTGTCCGTTTGCGGTA	42.920	98.131	298.131	0	0.051	2	-	J5A59_RS04565	1
NZ_CP072339.1	434803	434832	TCCGAGGTTACGGGGTCAGTTTGCCTAGTT	42.480	97.686	289.152	0	0.255	2	-	J5A59_RS04565	1
NZ_CP072339.1	434853	434882	AGTTGCCTGGACCTATTCTCTGCGCCTCAT	42.840	99.047	294.682	0	0.180	2	-	J5A59_RS04565	1
NZ_CP072339.1	434919	434948	ACCGGGCAGGTGTCAGGCTGTATACATCAT	42.690	99.562	278.523	0	0.300	2	-	J5A59_RS04565	1
NZ_CP072339.1	434949	434978	AAGTCTGAGCCCTCCTCTTAACCTTCCGGC	42.770	99.937	299.937	0	0.208	2	-	J5A59_RS04565	1
NZ_CP072339.1	434979	435008	TACCGGGGCTTCAATTCAGGCCTTCGACCG	45.100	98.173	295.077	0	0.342	2	-	J5A59_RS04565	1
NZ_CP072339.1	435010	435039	CCTTAGGACCGTTATAGTTACGGCCGCCGT	42.820	98.325	295.406	0	0.204	2	-	J5A59_RS04565	1
NZ_CP072339.1	435048	435077	CGTGCAGGTCGGAACTTACCCGACAAGGAA	43.420	100.000	297.552	0	0.288	2	-	J5A59_RS04565	1
NZ_CP072339.1	435091	435120	ACTGAGATCATGGTTGAGACAGCGTCCGGA	42.440	100.000	295.629	0	0.301	2	-	J5A59_RS04565	1
NZ_CP072339.1	435129	435158	TCGCGGGTAATCGGCATCTTCACCGATACT	42.680	99.795	289.627	0	0.246	2	-	J5A59_RS04565	1
NZ_CP072339.1	435170	435199	TGCTAAGCTGCAGTAAAGGTTCACGGGGTC	42.110	100.000	299.762	0	0.294	2	-	J5A59_RS04565	1
NZ_CP072339.1	435206	435235	TCCGGCCTATCCTACACATCGGATGACCAA	42.090	98.635	294.735	0	0.292	2	-	J5A59_RS04565	1
NZ_CP072339.1	435248	435277	CAAGGATGGCTCCACGAACACTGGCGTGCG	46.270	97.712	194.400	0	0.201	2	-	J5A59_RS04565	1
NZ_CP072339.1	435278	435307	TAGACCCCGGACAGCCAAAGGGCCGTATTT	44.540	100.000	297.549	0	0.263	2	-	J5A59_RS04565	1
NZ_CP072339.1	435315	435344	AAACTGCCCACCAAGCAGTGTCCCCGCAAC	46.360	100.000	300.000	0	0.203	2	-	J5A59_RS04565	1
NZ_CP072339.1	435345	435374	GTTACGCTTTTGGAGGCGACCACCCCAGTC	44.250	100.000	299.716	0	0.265	2	-	J5A59_RS04565	1
NZ_CP072339.1	435380	435409	TACCAATCGGCCCGAGGGCACCTTTGGAAG	45.220	100.000	296.460	0	0.174	2	-	J5A59_RS04565	1
NZ_CP072339.1	435410	435439	CCTTATGCCATTGCACTCCATGAGGCCGGT	44.050	98.030	295.557	0	0.223	2	-	J5A59_RS04565	1
NZ_CP072339.1	435441	435470	TGCTCGGCATGTCTGCCTCCCAGTCAAGCG	46.990	99.026	297.264	0	0.156	2	-	J5A59_RS04565	1
NZ_CP072339.1	435471	435500	CACCGGATCACTATGCCCCAGTTTCCTGCC	43.960	98.409	298.409	0	0.174	2	-	J5A59_RS04565	1
NZ_CP072339.1	435535	435564	GGGATCAGCCTGTTATCCCCGGAGTACCTT	42.380	95.088	286.597	0	0.115	2	-	J5A59_RS04565	1
NZ_CP072339.1	435565	435594	AAACCACCCCGTCGATATGAGCTCTTGGGG	43.200	99.010	298.735	0	0.264	2	-	J5A59_RS04565	1
NZ_CP072339.1	435595	435624	CAGGATGTGACGAGCCGACATCGAGGTGCC	45.250	100.000	299.607	0	0.297	2	-	J5A59_RS04565	1
NZ_CP072339.1	435626	435655	ACAGCCCAACCCTTGGGACCTTCTCCAGCC	46.660	100.000	300.000	0	0.134	2	-	J5A59_RS04565	1
NZ_CP072339.1	435657	435686	AACCCAGCTCGCGTGCCACTTTAATGGGCG	46.280	99.170	299.170	0	0.255	2	-	J5A59_RS04565	1
NZ_CP072339.1	435701	435730	AGCGCCCACGATAGATAGAGACCGAACTGT	42.090	98.970	298.721	0	0.441	2	-	J5A59_RS04565	1
NZ_CP072339.1	435731	435760	CGTACTAGTGGCGGAACCACGCAAAACTCC	42.660	99.088	299.088	0	0.271	2	-	J5A59_RS04565	1
NZ_CP072339.1	435761	435790	AGACCGGAGGTCTGTCCACCACGGTCCTCT	46.370	93.460	281.644	0	0.106	2	-	J5A59_RS04565	1
NZ_CP072339.1	435813	435842	TTATCCATGCCAGACTCGGCTACCCGGCGG	46.260	96.669	293.155	0	0.186	2	-	J5A59_RS04565	1
NZ_CP072339.1	435843	435872	GAAGGCTTCGCGCTTAGATGCTTTCAGCGC	43.630	97.339	297.339	0	0.061	2	-	J5A59_RS04565	1
NZ_CP072339.1	435895	435924	CCTATCCACGTCATCGTCTGTGACGACCCT	42.370	97.507	281.793	0	0.164	2	-	J5A59_RS04565	1
NZ_CP072339.1	435925	435954	GCTGTGACGTCGCCGTCTATACACCTGCAC	43.850	100.000	294.260	0	0.076	2	-	J5A59_RS04565	1
NZ_CP072339.1	436097	436126	GAAGAGGTGGAACCCCGGCGCAATGACCAC	45.970	99.647	295.169	0	0.332	2	-	J5A59_RS04570	1
NZ_CP072339.1	436130	436159	CGCAACCGGGCTTAACTTCTCTGTTCGGAA	42.360	100.000	296.964	0	0.309	2	-	J5A59_RS04570	1
NZ_CP072339.1	436160	436189	CTCTCCCGCATTGCATTGCAGTACCATCGG	42.950	98.832	298.832	0	0.215	2	-	J5A59_RS04570	1
NZ_CP072339.1	436973	437002	GCTCCAGGATGGGCTTGAACCAACGACCCC	45.760	99.123	0.000	0	0.255	0	-	J5A59_RS04575	1
NZ_CP072339.1	608134	608163	CGGGATGGATTGCTCCACTGGTGTTTGAGA	42.030	100.000	0.000	0	0.102	0	-	J5A59_RS05250	1
NZ_CP072339.1	881273	881302	CCAGCGTTCATCCTGAGCCAGGATCAAACT	42.040	99.553	299.553	0	0.112	2	-	J5A59_RS06265	1
NZ_CP072339.1	881305	881334	TTCCCCACGACTTGCATGTGTTAAGCCTGT	42.150	100.000	300.000	0	0.272	2	-	J5A59_RS06265	1
NZ_CP072339.1	881342	881371	CGGTCGACGTCCAGAATGTGCAAGCACATA	42.330	96.600	296.600	0	0.153	2	-	J5A59_RS06265	1
NZ_CP072339.1	881372	881401	AGGTTGGATACGCGATACTCACCCGTGCGC	45.090	98.843	293.955	0	0.239	2	-	J5A59_RS06265	1
NZ_CP072339.1	881402	881431	CTTTCAACGGGGTATCCCCAAGTAAGGGGC	42.170	96.611	292.996	0	0.057	2	-	J5A59_RS06265	1
NZ_CP072339.1	881442	881471	ATCGGATGCCGTCAATGAAACACATCGGGT	42.210	100.000	296.733	0	0.188	2	-	J5A59_RS06265	1
NZ_CP072339.1	881485	881514	TCAGACGCATCCCCATCCCTTACCGGAAAA	42.840	100.000	298.793	0	0.309	2	-	J5A59_RS06265	1
NZ_CP072339.1	881530	881559	TACTGATCGTCGCCTTGGTGGGCCGTTGCC	46.980	97.620	297.620	0	0.141	2	-	J5A59_RS06265	1
NZ_CP072339.1	881580	881609	TTTGGACCGTGTCTCAGTTCCAATGTGGGG	42.150	94.449	290.466	0	0.179	2	-	J5A59_RS06265	1
NZ_CP072339.1	881615	881644	TGACCAATATTCCTCACTGCTGCCTCCCGT	42.820	99.313	299.313	0	0.281	2	-	J5A59_RS06265	1
NZ_CP072339.1	881645	881674	GCTACTTGGCTGGTTCAGACTTGCGTCCAT	42.310	99.215	299.215	0	0.130	2	-	J5A59_RS06265	1
NZ_CP072339.1	881675	881704	TTTACAACCCATAGGGCCGTCATCCTGCAC	42.100	98.615	298.297	0	0.187	2	-	J5A59_RS06265	1
NZ_CP072339.1	881712	881741	CGCACACGTGCGCCACTTTATTCCCACATA	42.950	99.632	298.413	0	0.249	2	-	J5A59_RS06265	1
NZ_CP072339.1	881759	881788	GCTGGCACGGAATTAGCCGGTCCTTATTCA	42.240	98.816	297.854	0	0.354	2	-	J5A59_RS06265	1
NZ_CP072339.1	881790	881819	TAACGCCCGGACCTTCCGTATTACCGCGGC	46.560	97.441	293.771	0	0.184	2	-	J5A59_RS06265	1
NZ_CP072339.1	881839	881868	ACACGCTTAACAGACCGCCTACACTCCCTT	42.780	100.000	300.000	0	0.424	2	-	J5A59_RS06265	1
NZ_CP072339.1	881894	881923	ACTCAAGTCTGACAGTTCGCGCTGCAAGTT	42.270	99.328	299.328	0	0.276	2	-	J5A59_RS06265	1
NZ_CP072339.1	881924	881953	TACACCATGAATTCCGCCTGCGCTGCGTGT	45.700	99.393	297.532	0	0.185	2	-	J5A59_RS06265	1
NZ_CP072339.1	881972	882001	GCTGCCTTCGCGATCGGAGTTCCTCATGAT	43.610	100.000	300.000	0	0.104	2	-	J5A59_RS06265	1
NZ_CP072339.1	882002	882031	CGAGCTTAAGCGTCAGTAACACTCCCGCAG	42.270	100.000	298.485	0	0.294	2	-	J5A59_RS06265	1
NZ_CP072339.1	882056	882085	TCGTTTACCGTGCGGACTACCAGGGTATCT	42.060	96.973	274.793	0	0.261	2	-	J5A59_RS06265	1
NZ_CP072339.1	882106	882135	TTAATGCTTTCGCTTGGCCGCAGGCGCAGG	46.810	98.454	298.454	0	0.088	2	-	J5A59_RS06265	1
NZ_CP072339.1	882142	882171	TTTCACCGTTGCCGGCGTACTCCCCAGGTG	46.960	96.876	295.757	0	0.061	2	-	J5A59_RS06265	1
NZ_CP072339.1	882190	882219	AAACCACATGTTCCTCCGCTTGTGCGGGCC	46.360	100.000	297.915	0	0.033	2	-	J5A59_RS06265	1
NZ_CP072339.1	882222	882251	CCCGGGTAAGGTTCCTCGCGTATCATCGAA	42.840	97.710	289.614	0	0.247	2	-	J5A59_RS06265	1
NZ_CP072339.1	882252	882281	CGTCTCTGTGGGCAGCGACTGCAATTCAAG	43.080	97.833	193.925	0	0.191	0	-	J5A59_RS06265	1
NZ_CP072339.1	882285	882314	AGCACCTTCACAGACGCCCCGAAGGGAAGC	46.880	100.000	296.071	0	0.190	2	-	J5A59_RS06265	1
NZ_CP072339.1	882315	882344	CCTCACGGCACGAGCTGACGACAACCATGC	46.020	98.092	294.739	0	0.265	2	-	J5A59_RS06265	1
NZ_CP072339.1	882345	882374	GTTGCGCTCGTTATGGCACTTAAGCCGACA	42.890	98.339	294.875	0	0.404	2	-	J5A59_RS06265	1
NZ_CP072339.1	882375	882404	GGCATCACCCGATGGCAACTGGGAAAGGGG	46.080	99.513	296.221	0	0.275	2	-	J5A59_RS06265	1
NZ_CP072339.1	882425	882454	TCATCCCCACCTTCCTCGCACCTTGCGGTG	46.760	98.075	298.075	0	0.053	2	-	J5A59_RS06265	1
NZ_CP072339.1	882455	882484	CCCGGACGTAAGGGCCGTGCTGATTTGACG	45.780	99.687	294.410	0	0.300	2	-	J5A59_RS06265	1
NZ_CP072339.1	882488	882517	CCTCTGTACCGGCCATTGTAACACGTGTGT	42.020	95.235	295.235	0	0.268	2	-	J5A59_RS06265	1
NZ_CP072339.1	882544	882573	CCCAGTCCGAACTGGGACCGGATTTCAAGA	43.090	98.484	293.410	0	0.123	2	-	J5A59_RS06265	1
NZ_CP072339.1	882574	882603	AATCCAGCTTCGTGGGGTCGGGTTGCAGAC	45.450	99.281	299.066	0	0.251	2	-	J5A59_RS06265	1
NZ_CP072339.1	882604	882633	CGCGCCATGGCTGATGCGCGATTACTAGCG	46.410	99.595	293.000	0	0.080	2	-	J5A59_RS06265	1
NZ_CP072339.1	882634	882663	GGTGTGTACAAGGCCCGGGAACGTATTCAC	42.450	98.150	293.000	0	0.358	2	-	J5A59_RS06265	1
NZ_CP072339.1	882686	882715	CTCCTCGCGGTCACGAACTTCAGGCACCCC	46.860	99.464	299.464	0	0.186	2	-	J5A59_RS06265	1
NZ_CP072339.1	882716	882745	AGCCCCAATCACCGGTCTTGCCCTAGGTCG	46.330	97.184	296.677	0	0.284	2	-	J5A59_RS06265	1
NZ_CP072339.1	882747	882776	ACCTTCCGGTACGGCTACCTTGTTACGACT	42.200	95.934	294.482	0	0.153	2	-	J5A59_RS06265	1
NZ_CP072339.1	883165	883194	TCCGCCATGCGCCCTTCATTACTTTCCATT	42.520	100.000	300.000	0	0.194	2	-	J5A59_RS06270	1
NZ_CP072339.1	883195	883224	CGTCCTTCATCGCCTCCGTGAGCCAAGGCA	46.780	96.775	296.775	0	0.182	2	-	J5A59_RS06270	1
NZ_CP072339.1	883225	883254	CATCTACCCGGGGCTTATCGCAGCTTGACA	43.330	98.589	298.589	0	0.340	2	-	J5A59_RS06270	1
NZ_CP072339.1	883262	883291	TGTCCCATTCGGAAATCCCCGGATCAGAGA	42.320	96.560	286.371	0	0.146	2	-	J5A59_RS06270	1
NZ_CP072339.1	883292	883321	TCAGGATAGCACTCCTTCAGAGTGCTGGGT	42.030	100.000	300.000	0	0.045	2	-	J5A59_RS06270	1
NZ_CP072339.1	883397	883426	CTACTCCCCGTTCGCTCGCCACTACTGGGG	46.060	99.584	298.273	0	0.259	2	-	J5A59_RS06270	1
NZ_CP072339.1	883457	883486	CAGGGTACGACGGCGTGGTCCTACAACCCC	46.390	98.124	285.469	0	0.227	2	-	J5A59_RS06270	1
NZ_CP072339.1	883506	883535	GGACTGTCACCCGCTACGGTTGAACTTTCC	42.370	100.000	296.945	0	0.080	2	-	J5A59_RS06270	1
NZ_CP072339.1	883536	883565	ACCACTACGCCCCATCATGCTTCGGATACG	43.290	98.960	292.093	0	0.267	0	-	J5A59_RS06270	1
NZ_CP072339.1	883567	883596	AGAATTACTCGTGCTCCGCGCTACTCAGGA	42.370	98.959	295.852	0	0.106	2	-	J5A59_RS06270	1
NZ_CP072339.1	883603	883632	ATTTAGCCTTGCCGGATGGGCCCGGCAGAT	46.970	99.761	294.508	0	0.040	2	-	J5A59_RS06270	1
NZ_CP072339.1	883661	883690	TCGGAGTGCTTTTCACCTTTCCCTCACGGT	43.170	99.834	294.187	0	0.154	2	-	J5A59_RS06270	1
NZ_CP072339.1	883704	883733	CGCTTGTAGGCGCATGGTTTCAGGAACTGT	42.800	100.000	300.000	0	0.260	2	-	J5A59_RS06270	1
NZ_CP072339.1	883777	883806	CCTCGCTGGGCATGGTAACTCGTAGGTTCA	43.030	100.000	299.546	0	0.306	2	-	J5A59_RS06270	1
NZ_CP072339.1	883807	883836	TCACTGCGGATACGGGGCTGAGCCCCTTAA	45.780	98.010	296.489	0	0.044	2	-	J5A59_RS06270	1
NZ_CP072339.1	883837	883866	CCCAACTGAACGCCCTCTTCAGGCTCGCTT	45.400	100.000	300.000	0	0.302	2	-	J5A59_RS06270	1
NZ_CP072339.1	883909	883938	CGGTCCTCCATTCCGTGTTACCGGAACTTC	42.050	95.018	291.619	0	0.175	2	-	J5A59_RS06270	1
NZ_CP072339.1	884001	884030	TGCCTTTCGGGGAGTACGAGCTATCTCCAA	42.170	98.278	297.150	0	0.199	2	-	J5A59_RS06270	1
NZ_CP072339.1	884031	884060	TCACGGAGAACATCGCACGCGGCACCTAAA	45.180	98.827	297.397	0	0.378	2	-	J5A59_RS06270	1
NZ_CP072339.1	884061	884090	GCCCTCTTGACCTATCGGTCGCTCTACCTC	42.490	98.779	298.105	0	0.063	2	-	J5A59_RS06270	1
NZ_CP072339.1	884091	884120	GGAGTTCGTCAGGTCGCGACAGGCGGTGAA	46.510	97.297	295.213	0	0.162	2	-	J5A59_RS06270	1
NZ_CP072339.1	884123	884152	CCTTACTGCACGACTACGGTCCGTGAGCAT	43.050	98.808	298.808	0	0.214	2	-	J5A59_RS06270	1
NZ_CP072339.1	884156	884185	TCTCCTCTCGGGGACGGACCTTAGCACCCG	46.700	97.719	297.719	0	0.154	2	-	J5A59_RS06270	1
NZ_CP072339.1	884230	884259	GCTGTCACCGGGACCAGACTTCGTTAGACT	42.710	100.000	300.000	0	0.133	2	-	J5A59_RS06270	1
NZ_CP072339.1	884293	884322	CCCTCGACCAGTGAGCTGTTACGCACTCTT	43.070	100.000	300.000	0	0.194	2	-	J5A59_RS06270	1
NZ_CP072339.1	884341	884370	CGCGCCTTCGGTATCTGACTTCATACCCGA	42.950	100.000	298.389	0	0.203	2	-	J5A59_RS06270	1
NZ_CP072339.1	884391	884420	GCGCACATGGAATGCTCCCCTACCGATACT	43.380	98.438	298.438	0	0.282	2	-	J5A59_RS06270	1
NZ_CP072339.1	884422	884451	GCGCTCCAGGATCTGTCACCATCACCATTC	42.410	99.571	299.571	0	0.268	2	-	J5A59_RS06270	1
NZ_CP072339.1	884500	884529	CCCGGGAAACCTTAGTCTTGCGGCGAGGGG	46.920	98.399	297.662	0	0.227	2	-	J5A59_RS06270	1
NZ_CP072339.1	884536	884565	CTTAGGACCCGACTGACCCCGGGCTGACTG	45.980	99.259	296.426	0	0.282	2	-	J5A59_RS06270	1
NZ_CP072339.1	884569	884598	GTGTATGCCATCGCCTTCGCCGTTCGGCTG	46.290	100.000	296.731	0	0.046	2	-	J5A59_RS06270	1
NZ_CP072339.1	884601	884630	TCGCTGAATGGGCAAGTCACGGAATGTTCA	42.290	99.454	298.316	0	0.302	2	-	J5A59_RS06270	1
NZ_CP072339.1	884635	884664	AAGGGCGCGACAGTGTCACTGCTCCGTCTC	46.570	96.879	296.250	0	0.225	2	-	J5A59_RS06270	1
NZ_CP072339.1	884665	884694	AAGCCTAAAGCCTTCAACGCCCATGTCCGT	43.870	99.530	296.428	0	0.214	2	-	J5A59_RS06270	1
NZ_CP072339.1	884695	884724	CTCCGGGTGTGGATTTGCCTGCACCCATCA	45.620	98.943	298.943	0	0.211	2	-	J5A59_RS06270	1
NZ_CP072339.1	884753	884782	TATGGTTACCTGTGCTGTCGGTCCGCCCCG	46.310	95.987	295.987	0	0.162	2	-	J5A59_RS06270	1
NZ_CP072339.1	884794	884823	CGGGTTGCCCAAACATTGAGCTTAGCGGAT	42.990	100.000	300.000	0	0.145	2	-	J5A59_RS06270	1
NZ_CP072339.1	884824	884853	CTACCCGACTACGTGTGTCCGTTTGCGGTA	42.920	98.131	298.131	0	0.051	2	-	J5A59_RS06270	1
NZ_CP072339.1	884889	884918	CCCGAGGTTACGGGGTCAGTTTGCCTAGTT	43.070	99.139	278.138	0	0.235	2	-	J5A59_RS06270	1
NZ_CP072339.1	884936	884965	TGCCTGGACCTATTCTCTGCGCCTCGTAAA	42.700	99.552	283.040	0	0.301	2	-	J5A59_RS06270	1
NZ_CP072339.1	884977	885006	ATCTCGCGAGTTTGCACAGCCCTGTGTTTT	42.790	100.000	252.206	0	0.158	2	-	J5A59_RS06270	1
NZ_CP072339.1	885007	885036	GCACCGGGCAGGTGTCAGGCTGTATACGTC	45.320	98.114	292.917	0	0.208	2	-	J5A59_RS06270	1
NZ_CP072339.1	885041	885070	CGACCGAAGTCTGAGCCCTCCTCTTAACCT	42.260	100.000	298.543	0	0.285	2	-	J5A59_RS06270	1
NZ_CP072339.1	885071	885100	GCCGTTTACCGGGGCTTCAATTCAGGCCTT	44.490	98.687	298.687	0	0.245	2	-	J5A59_RS06270	1
NZ_CP072339.1	885134	885163	CGTGCAGGTCGGAACTTACCCGACAAGGAA	43.420	100.000	297.552	0	0.288	2	-	J5A59_RS06270	1
NZ_CP072339.1	885177	885206	ACTGAGATCATGGTTGAGACAGCGTCCGGA	42.440	100.000	295.629	0	0.301	2	-	J5A59_RS06270	1
NZ_CP072339.1	885215	885244	TCGCGGGTAATCGGCATCTTCACCGATACT	42.680	99.795	289.627	0	0.246	2	-	J5A59_RS06270	1
NZ_CP072339.1	885256	885285	TGCTAAGCTGCAGTAAAGGTTCACGGGGTC	42.110	100.000	299.762	0	0.294	2	-	J5A59_RS06270	1
NZ_CP072339.1	885292	885321	TCCGGCCTATCCTACACATCGGATGACCAA	42.090	98.635	294.735	0	0.292	2	-	J5A59_RS06270	1
NZ_CP072339.1	885334	885363	CAAGGATGGCTCCACGAACACTGGCGTGCG	46.270	97.712	194.400	0	0.201	2	-	J5A59_RS06270	1
NZ_CP072339.1	885364	885393	TAGACCCCGGACAGCCAAAGGGCCGTATTT	44.540	100.000	297.549	0	0.263	2	-	J5A59_RS06270	1
NZ_CP072339.1	885401	885430	AAACTGCCCACCAAGCAGTGTCCCCGCAAC	46.360	100.000	300.000	0	0.203	2	-	J5A59_RS06270	1
NZ_CP072339.1	885431	885460	GTTACGCTTTTGGAGGCGACCACCCCAGTC	44.250	100.000	299.716	0	0.265	2	-	J5A59_RS06270	1
NZ_CP072339.1	885466	885495	TACCAATCGGCCCGAGGGCACCTTTGGAAG	45.220	100.000	296.460	0	0.174	2	-	J5A59_RS06270	1
NZ_CP072339.1	885496	885525	CCTTATGCCATTGCACTCCATGAGGCCGGT	44.050	98.030	295.557	0	0.223	2	-	J5A59_RS06270	1
NZ_CP072339.1	885527	885556	TGCTCGGCATGTCTGCCTCCCAGTCAAGCG	46.990	99.026	297.264	0	0.156	2	-	J5A59_RS06270	1
NZ_CP072339.1	885557	885586	CACCGGATCACTATGCCCCAGTTTCCTGCC	43.960	98.409	298.409	0	0.174	2	-	J5A59_RS06270	1
NZ_CP072339.1	885621	885650	GGGATCAGCCTGTTATCCCCGGAGTACCTT	42.380	95.088	286.597	0	0.115	2	-	J5A59_RS06270	1
NZ_CP072339.1	885651	885680	AAACCACCCCGTCGATATGAGCTCTTGGGG	43.200	99.010	298.735	0	0.264	2	-	J5A59_RS06270	1
NZ_CP072339.1	885681	885710	CAGGATGTGACGAGCCGACATCGAGGTGCC	45.250	100.000	299.607	0	0.297	2	-	J5A59_RS06270	1
NZ_CP072339.1	885712	885741	ACAGCCCAACCCTTGGGACCTTCTCCAGCC	46.660	100.000	300.000	0	0.134	2	-	J5A59_RS06270	1
NZ_CP072339.1	885743	885772	AACCCAGCTCGCGTGCCACTTTAATGGGCG	46.280	99.170	299.170	0	0.255	2	-	J5A59_RS06270	1
NZ_CP072339.1	885787	885816	AGCGCCCACGATAGATAGAGACCGAACTGT	42.090	98.970	298.721	0	0.441	2	-	J5A59_RS06270	1
NZ_CP072339.1	885817	885846	CGTACTAGTGGCGGAACCACGCAAAACTCC	42.660	99.088	299.088	0	0.271	2	-	J5A59_RS06270	1
NZ_CP072339.1	885847	885876	AGACCGGAGGTCTGTCCACCACGGTCCTCT	46.370	93.460	281.644	0	0.106	2	-	J5A59_RS06270	1
NZ_CP072339.1	885899	885928	TTATCCATGCCAGACTCGGCTACCCGGCGG	46.260	96.669	293.155	0	0.186	2	-	J5A59_RS06270	1
NZ_CP072339.1	885929	885958	GAAGGCTTCGCGCTTAGATGCTTTCAGCGC	43.630	97.339	297.339	0	0.061	2	-	J5A59_RS06270	1
NZ_CP072339.1	885981	886010	CCTATCCACGTCATCGTCTGTGACGACCCT	42.370	97.507	281.793	0	0.164	2	-	J5A59_RS06270	1
NZ_CP072339.1	886011	886040	GCTGTGACGTCGCCGTCTATACACCTGCAC	43.850	100.000	294.260	0	0.076	2	-	J5A59_RS06270	1
NZ_CP072339.1	886183	886212	GAAGAGGTGGAACCCCGGCGCAATGACCAC	45.970	99.647	295.169	0	0.332	2	-	J5A59_RS06275	1
NZ_CP072339.1	886216	886245	CGCAACCGGGCTTAACTTCTCTGTTCGGAA	42.360	100.000	296.964	0	0.309	2	-	J5A59_RS06275	1
NZ_CP072339.1	886246	886275	CTCTCCCGCATTGCATTGCAGTACCATCGG	42.950	98.832	298.832	0	0.215	2	-	J5A59_RS06275	1
NZ_CP072339.1	967772	967801	AAGTCTAGCGCGTCTACCAATTCCGCCACA	43.130	100.000	76.382	0	0.402	0	+	J5A59_RS06560	1
NZ_CP072339.1	1017025	1017054	ACGATCCCCGGACCTCCGGATTATGAATCC	42.550	94.330	0.000	0	0.105	0	+	J5A59_RS06765	1
NZ_CP072339.1	1078308	1078337	CGTGTCTTGCAACACCAGCGACAGTGCCGA	45.930	98.341	0.000	0	0.256	0	-	J5A59_RS07000	1
NZ_CP072339.1	1078341	1078370	GCAGGATACTCTTTGCTGCCCGGACTTTCC	42.580	99.889	0.000	0	0.243	0	-	J5A59_RS07000	1
NZ_CP072339.1	1078403	1078432	TGCCAAGGCGGTTGTTTTCTTCTGCCTACA	42.500	100.000	0.000	0	0.231	0	-	J5A59_RS07000	1
NZ_CP072339.1	1078453	1078482	TCGCCTGCGTGCTGGTAGTCTCTTACACTA	42.140	99.729	0.000	0	0.243	0	-	J5A59_RS07000	1
NZ_CP072339.1	1078486	1078515	AACTTGCAGCTCCTGAACGGCACAGCCACG	46.150	100.000	0.000	0	0.249	0	-	J5A59_RS07000	1
NZ_CP072339.1	1078519	1078548	CGGGCGAGTAACCCTCAGACAACGGTTTAC	42.150	100.000	0.000	0	0.181	0	-	J5A59_RS07000	1
NZ_CP072339.1	1078550	1078579	CGTTCTACCCTCCGTTGTGCCTTGTATGGC	42.470	98.043	0.000	0	0.213	0	-	J5A59_RS07000	1
NZ_CP072339.1	1078580	1078609	CTAACCGCCGAGTCGCCCCGTGCGTTTTAG	45.810	98.448	0.000	0	0.105	0	-	J5A59_RS07000	1
NZ_CP072339.1	1078614	1078643	CGTCTTTCGGCAAGTAAGGACGCCTGTCAT	42.190	98.917	0.000	0	0.174	0	-	J5A59_RS07000	1
NZ_CP072339.1	1080008	1080037	CGAACTGCTCTACACGGTTTTGCAGACCGT	42.420	100.000	0.000	0	0.138	0	-	J5A59_RS07020	1
NZ_CP072339.1	1707890	1707919	CGGCGGGATTCAAACCCACAACCTTCTGAT	42.600	100.000	0.000	0	0.361	0	-	J5A59_RS09750	1
NZ_CP072339.1	1733251	1733280	ACTCGAACTCGTGACCTCCTGCGTGACAGG	44.390	97.262	97.262	0	0.248	2	+	J5A59_RS09840	1
NZ_CP072339.1	1733362	1733391	TGACCTCCTGCGTGACAGGCAGGCATTCTA	44.370	97.707	97.707	0	0.110	2	+	J5A59_RS09845	1
NZ_CP072339.1	1753854	1753883	CCAGGCTTGGGAAGCCCGTGCACTACCGAT	46.820	98.071	0.000	0	0.116	0	+	J5A59_RS09925	1
NZ_CP072339.1	1753981	1754010	GGGACCTACGCATTACGAATGCGTTGCTCT	42.270	98.913	0.000	0	0.037	0	+	J5A59_RS09930	1
NZ_CP072339.1	1789853	1789882	CCGACCCTCTGCTTGTAAGGCAGATGCTCT	43.120	99.902	195.858	0	0.117	0	-	J5A59_RS10085	1
NZ_CP072339.1	1798708	1798737	GAACCTGCGACCACCTGGTCCCAAACCAGG	45.650	98.800	0.000	0	0.094	0	-	J5A59_RS10125	1
NZ_CP072339.1	1798802	1798831	CCCAACCTTGGCAAGGTTGTGCTCTACCAA	42.590	100.000	100.000	0	0.064	2	-	J5A59_RS10130	1
NZ_CP072339.1	1798918	1798947	CGCACCTGAAACGTGCGCGTCTACCAATTC	43.470	100.000	0.000	0	0.157	0	-	J5A59_RS10135	1
NZ_CP072339.1	1798956	1798985	GCCCAGAACAGGACTCGAACCTGCACGTTA	43.450	99.188	0.000	0	0.339	0	-	J5A59_RS10135	1
NZ_CP072339.1	1799059	1799088	AGGAGGAGACTCGAACTCCCACGAAGCAAT	42.290	100.000	0.000	0	0.338	0	-	J5A59_RS10140	1
NZ_CP072339.1	1799154	1799183	CCCAACCTTGGCAAGGTTGTGCTCTACCAA	42.590	100.000	100.000	0	0.064	2	-	J5A59_RS10145	1
NZ_CP072339.1	1855985	1856014	AGTGTTGTGCTCTACCAGCTGAGCTAGCGG	43.140	100.000	0.000	0	0.235	0	+	J5A59_RS10440	1
NZ_CP072339.1	1907413	1907442	GCCAGCTACCAATGCTCCGCATGCTTACAT	42.870	97.395	0.000	0	0.043	0	-	J5A59_RS10655	1
NZ_CP072339.1	1907471	1907500	AGGCAGCGAGAGCGTAATTGTTTTCGCCAA	42.780	100.000	0.000	0	0.219	0	-	J5A59_RS10655	1
NZ_CP072339.1	1907570	1907599	CACCGCTTTACCCTCCGATTCGGAACAACA	42.240	97.237	0.000	0	0.239	0	-	J5A59_RS10655	1
NZ_CP072339.1	1907609	1907638	GGCAGCGAGGCATACCCAAACTATTTCCGA	42.240	100.000	0.000	0	0.258	0	-	J5A59_RS10655	1
NZ_CP072339.1	1907658	1907687	GGCAAGACCTGAACCACCAACCAATGCCTT	43.030	100.000	0.000	0	0.379	0	-	J5A59_RS10655	1
NZ_CP072339.1	1907722	1907751	CGGTCCGCACAAGGAAACCATACGCTTTCT	42.600	100.000	0.000	0	0.216	0	-	J5A59_RS10655	1
NZ_CP072339.1	1915570	1915599	CTGGACTCGAACCAGCGACCACTGGTCCCC	46.430	99.704	0.000	0	0.128	0	-	J5A59_RS10685	1
NZ_CP072339.1	1944839	1944868	ACCCCGAGATTACAAATCACGTGCTCTGGC	42.150	100.000	100.000	0	0.303	2	+	J5A59_RS10795	1
NZ_CP072339.1	1944903	1944932	TTCTTATCGCGTCGCTACAACCTTCTGCCC	42.040	97.638	0.000	0	0.400	0	+	J5A59_RS10800	1
NZ_CP072339.1	1956127	1956156	GGGACTCGAACCCACGACATTCAGAACCAC	42.200	96.367	0.000	0	0.323	0	+	J5A59_RS10865	1
NZ_CP072339.1	2130888	2130917	GGATTCGAACCGCCGACCCTCTGCTTGTAA	43.530	100.000	200.000	0	0.336	2	+	J5A59_RS11610	1
NZ_CP072339.1	2131020	2131049	CCGCCGACCCTCTGCTTGTAAGGCAGATGC	45.770	97.874	197.874	0	0.251	2	+	J5A59_RS11615	1
NZ_CP072339.1	2219552	2219581	TGGATTCGAACCACCGAAGCTAGAAGCAGC	42.090	99.265	89.828	0	0.249	0	+	J5A59_RS12080	1
NZ_CP072339.1	2219585	2219614	TTTACAGTCTGCCCCATTTGGCCACTCTGG	42.290	100.000	100.000	0	0.257	0	+	J5A59_RS12080	1
NZ_CP072339.1	2219685	2219714	CACGTGCTCTGGCCAACTGAGCTAAAGAGG	42.420	98.040	98.040	0	0.326	2	+	J5A59_RS12085	1
