{
"apiVersion": "V2",
"assemblies": [
{
  "files": [
    {
      "filePath": "data_summary.tsv",
      "fileType": "DATA_TABLE"
    },
    {
      "filePath": "assembly_data_report.jsonl",
      "fileType": "DATA_REPORT"
    }
  ]
},{
  "accession": "GCF_002076835.1",
  "files": [
    {
      "filePath": "GCF_002076835.1/GCF_002076835.1_ASM207683v1_genomic.fna",
      "fileType": "GENOMIC_NUCLEOTIDE_FASTA"
    },
    {
      "filePath": "GCF_002076835.1/genomic.gtf",
      "fileType": "GTF"
    }
  ]
}]}
