{
"apiVersion": "V2",
"assemblies": [
{
  "files": [
    {
      "filePath": "data_summary.tsv",
      "fileType": "DATA_TABLE"
    },
    {
      "filePath": "assembly_data_report.jsonl",
      "fileType": "DATA_REPORT"
    }
  ]
},{
  "accession": "GCF_900186885.1",
  "files": [
    {
      "filePath": "GCF_900186885.1/GCF_900186885.1_48903_D01_genomic.fna",
      "fileType": "GENOMIC_NUCLEOTIDE_FASTA"
    },
    {
      "filePath": "GCF_900186885.1/genomic.gtf",
      "fileType": "GTF"
    }
  ]
}]}
