NZ_LT906445.1	103237	103266	GCGTTCGTCCTGAGCCAGGATCAAACTCTC	42.210	100.000	300.000	0	0.168	3	-	unassigned_transcript_51	unassigned_transcript_51	CKV63_RS00260
NZ_LT906445.1	103267	103296	TTCGACTTGCATGTGTTAAGCACGCCGCCA	44.500	98.049	296.099	0	0.239	3	-	unassigned_transcript_51	unassigned_transcript_51	CKV63_RS00260
NZ_LT906445.1	103325	103354	CGCGTTACTCACCCGTTCGCCACTAAGATT	42.140	99.412	297.917	0	0.320	3	-	unassigned_transcript_51	unassigned_transcript_51	CKV63_RS00260
NZ_LT906445.1	103405	103434	CCTCGATGCCGAGGTTAGATCGTATGCGGT	42.840	100.000	299.276	0	0.152	3	-	unassigned_transcript_51	unassigned_transcript_51	CKV63_RS00260
NZ_LT906445.1	103490	103519	TGGGCCGTTACCCCTCCAACTAGCTAATCA	42.300	98.913	297.827	0	0.320	3	-	unassigned_transcript_51	unassigned_transcript_51	CKV63_RS00260
NZ_LT906445.1	103520	103549	TCTCAGACCGGCTACTGATCATCGCCTTGG	42.700	100.000	300.000	0	0.285	3	-	unassigned_transcript_51	unassigned_transcript_51	CKV63_RS00260
NZ_LT906445.1	103550	103579	GTGTCTCAGTCCCAATGTGGCCGTTCATCC	42.530	95.229	290.458	0	0.259	3	-	unassigned_transcript_51	unassigned_transcript_51	CKV63_RS00260
NZ_LT906445.1	103584	103613	TTCCCCACTGCTGCCTCCCGTAGGAGTCTG	45.710	97.885	295.770	0	0.167	3	-	unassigned_transcript_51	unassigned_transcript_51	CKV63_RS00260
NZ_LT906445.1	103615	103644	GCTCCGTCAGACTTTCGTCCATTGCGGAAG	42.700	100.000	300.000	0	0.110	3	-	unassigned_transcript_51	unassigned_transcript_51	CKV63_RS00260
NZ_LT906445.1	103650	103679	TACAACCCGAAGGCCGTCATCACTCACGCG	45.160	99.931	299.583	0	0.237	3	-	unassigned_transcript_51	unassigned_transcript_51	CKV63_RS00260
NZ_LT906445.1	103690	103719	CTGTTCGCAAGAAGGCCTTTCGTCCCGATT	42.620	98.622	297.244	0	0.046	3	-	unassigned_transcript_51	unassigned_transcript_51	CKV63_RS00260
NZ_LT906445.1	103728	103757	GCCGTGGCTTTCTATTCCGGTACCGTCAAT	42.160	98.818	297.073	0	0.394	3	-	unassigned_transcript_51	unassigned_transcript_51	CKV63_RS00260
NZ_LT906445.1	103758	103787	CGTATTACCGCGGCTGCTGGCACGTAGTTA	43.590	100.000	300.000	0	0.296	3	-	unassigned_transcript_51	unassigned_transcript_51	CKV63_RS00260
NZ_LT906445.1	103789	103818	CCCAATAATTCCGGACAACGCTTGCCACCT	42.810	100.000	299.073	0	0.322	3	-	unassigned_transcript_51	unassigned_transcript_51	CKV63_RS00260
NZ_LT906445.1	103820	103849	GACTGACTGATCCGCCTGCGCGCGCTTTAC	46.150	100.000	290.979	0	0.186	3	-	unassigned_transcript_51	unassigned_transcript_51	CKV63_RS00260
NZ_LT906445.1	103855	103884	CCCATCACGGGGTTAAGCCCCGAACTTTTA	42.080	96.692	273.998	0	0.031	3	-	unassigned_transcript_51	unassigned_transcript_51	CKV63_RS00260
NZ_LT906445.1	103955	103984	GTCGCCTTCGCCACTGGTGTTCTTCCTAAT	42.100	99.591	299.182	0	0.179	3	-	unassigned_transcript_51	unassigned_transcript_51	CKV63_RS00260
NZ_LT906445.1	103985	104014	CGCGCCTCAGCGTCAGTTTTCGTCCAGAAA	44.350	98.351	296.702	0	0.229	3	-	unassigned_transcript_51	unassigned_transcript_51	CKV63_RS00260
NZ_LT906445.1	104016	104045	GGTATCTAATCCCGTTCGCTCCCCTGGCTT	42.880	99.177	296.654	0	0.280	3	-	unassigned_transcript_51	unassigned_transcript_51	CKV63_RS00260
NZ_LT906445.1	104046	104075	GTACCCATCGTTTACGGCCAGGACTACCGG	43.190	95.843	287.035	0	0.251	3	-	unassigned_transcript_51	unassigned_transcript_51	CKV63_RS00260
NZ_LT906445.1	104077	104106	GCACAGAAGGGGTCGATACCTCCTACACCT	42.200	97.085	290.245	0	0.307	3	-	unassigned_transcript_51	unassigned_transcript_51	CKV63_RS00260
NZ_LT906445.1	104107	104136	CCAGGCGGGGTACTTATTGCGTTAACTCCG	42.310	98.860	297.720	0	0.340	3	-	unassigned_transcript_51	unassigned_transcript_51	CKV63_RS00260
NZ_LT906445.1	104178	104207	AAACCACATACTCCACCGCTTGTGCGGGCC	45.990	98.625	296.275	0	0.090	3	-	unassigned_transcript_51	unassigned_transcript_51	CKV63_RS00260
NZ_LT906445.1	104209	104238	CCTGGTAAGGTTCTTCGCGTTGCGTCGAAT	42.500	97.950	295.274	0	0.161	3	-	unassigned_transcript_51	unassigned_transcript_51	CKV63_RS00260
NZ_LT906445.1	104276	104305	TGCACCACCTGTTTTCTGGCTTCCGAAGAA	42.280	100.000	299.233	0	0.230	3	-	unassigned_transcript_51	unassigned_transcript_51	CKV63_RS00260
NZ_LT906445.1	104306	104335	ACATCTCACGACACGAGCTGACGACAACCG	43.380	100.000	297.956	0	0.309	3	-	unassigned_transcript_51	unassigned_transcript_51	CKV63_RS00260
NZ_LT906445.1	104338	104367	TAGGGGTTGCGCTCGTTGCGGGACTTAACC	45.330	97.984	295.968	0	0.219	3	-	unassigned_transcript_51	unassigned_transcript_51	CKV63_RS00260
NZ_LT906445.1	104371	104400	TGAGTTCCCACCCAAAGTGCTGGCAACATA	42.050	100.000	195.150	0	0.160	2	-	unassigned_transcript_51	unassigned_transcript_51	CKV63_RS00260
NZ_LT906445.1	104401	104430	TTCCTCCGCATTGTCTGCGGCAGTCTCTCA	44.620	97.260	294.521	0	0.037	3	-	unassigned_transcript_51	unassigned_transcript_51	CKV63_RS00260
NZ_LT906445.1	104431	104460	GGGGCATGATGATTTGACGTCATCCCCGCC	44.550	98.851	293.197	0	0.218	3	-	unassigned_transcript_51	unassigned_transcript_51	CKV63_RS00260
NZ_LT906445.1	104499	104528	GCTCCATCTCGCGATCTCGCTTCCGTCTAT	42.790	100.000	298.386	0	0.193	3	-	unassigned_transcript_51	unassigned_transcript_51	CKV63_RS00260
NZ_LT906445.1	104540	104569	TGCAGCCTACGATCCGAACTGAGAGAGTGT	42.190	100.000	299.154	0	0.274	3	-	unassigned_transcript_51	unassigned_transcript_51	CKV63_RS00260
NZ_LT906445.1	104570	104599	ACTAGCGATTCCGACTTCACGTAGGCGAGT	42.290	100.000	296.360	0	0.288	3	-	unassigned_transcript_51	unassigned_transcript_51	CKV63_RS00260
NZ_LT906445.1	104601	104630	CGTATTCACCGCAGTATGCTGACCTGCGAT	42.100	99.450	295.368	0	0.153	3	-	unassigned_transcript_51	unassigned_transcript_51	CKV63_RS00260
NZ_LT906445.1	104638	104667	TCGTGGTGTGACGGGCGGTGTGTACAAGGC	46.940	98.982	297.920	0	0.330	3	-	unassigned_transcript_51	unassigned_transcript_51	CKV63_RS00260
NZ_LT906445.1	104668	104697	TACCCCACCGGCTTTGGGCACTTCCGACTT	46.480	98.941	297.882	0	0.182	3	-	unassigned_transcript_51	unassigned_transcript_51	CKV63_RS00260
NZ_LT906445.1	104698	104727	CTTTACCTTAGACGGCTGGCTCCCGAAGGT	42.890	99.732	299.464	0	0.248	3	-	unassigned_transcript_51	unassigned_transcript_51	CKV63_RS00260
NZ_LT906445.1	104747	104776	CGCACCTTCCGATACGGCTACCTTGTTACG	42.150	99.949	299.335	0	0.241	3	-	unassigned_transcript_51	unassigned_transcript_51	CKV63_RS00260
NZ_LT906445.1	105403	105432	GCCAAGGCATCCACCGTACGCCCTTATTAT	42.170	99.385	297.795	0	0.293	3	-	unassigned_transcript_52	unassigned_transcript_52	CKV63_RS00265
NZ_LT906445.1	105435	105464	GCAGCTTACCGCGTCCTTCTTCGGCTGATA	43.500	98.624	296.278	0	0.241	3	-	unassigned_transcript_52	unassigned_transcript_52	CKV63_RS00265
NZ_LT906445.1	105468	105497	TCACAGGTTGCTTGCACCTCTCCGTAGCTT	43.180	97.928	295.857	0	0.177	3	-	unassigned_transcript_52	unassigned_transcript_52	CKV63_RS00265
NZ_LT906445.1	105516	105545	TGACAGTGCATAACCACTGCCGGGTTCCCC	45.350	100.000	299.850	0	0.082	3	-	unassigned_transcript_52	unassigned_transcript_52	CKV63_RS00265
NZ_LT906445.1	105549	105578	CCCGGGTGCCCTCCTCATAGTCTATGCTAT	42.060	99.337	298.675	0	0.154	3	-	unassigned_transcript_52	unassigned_transcript_52	CKV63_RS00265
NZ_LT906445.1	105621	105650	CCCGTTCGCTCGCCGCTACTAAGAAAATCT	42.030	100.000	300.000	0	0.287	3	-	unassigned_transcript_52	unassigned_transcript_52	CKV63_RS00265
NZ_LT906445.1	105672	105701	GATGACTGTCCTCAACCCCGGTGCGGTTGC	45.890	100.000	298.687	0	0.110	3	-	unassigned_transcript_52	unassigned_transcript_52	CKV63_RS00265
NZ_LT906445.1	105716	105745	GCGGCTGAGCTTTCCAGCTCCATTCTTCTA	42.010	97.571	283.021	0	0.044	3	-	unassigned_transcript_52	unassigned_transcript_52	CKV63_RS00265
NZ_LT906445.1	105801	105830	CTTCCCACAAGGTTTCACGTGTCTCGTGGT	42.130	88.752	273.913	0	0.108	3	-	unassigned_transcript_52	unassigned_transcript_52	CKV63_RS00265
NZ_LT906445.1	105865	105894	CCCTCACGGTACTATGCGCTATCGGTCGAT	42.470	99.306	295.621	0	0.193	3	-	unassigned_transcript_52	unassigned_transcript_52	CKV63_RS00265
NZ_LT906445.1	105895	105924	CACTCCCCGCCAGGGGTTCTTTTCACCTTT	43.930	99.086	298.172	0	0.095	3	-	unassigned_transcript_52	unassigned_transcript_52	CKV63_RS00265
NZ_LT906445.1	105976	106005	CATTCTTCAATAGGCACGCCGTCGTCCTGA	42.050	98.379	296.758	0	0.162	3	-	unassigned_transcript_52	unassigned_transcript_52	CKV63_RS00265
NZ_LT906445.1	106027	106056	GCGGCTCCATGTTTTCCACTTAACCTCGCT	42.690	100.000	300.000	0	0.410	3	-	unassigned_transcript_52	unassigned_transcript_52	CKV63_RS00265
NZ_LT906445.1	106057	106086	CTGAACGCCCTGTTCAGACTCGCTTTCGCT	43.900	100.000	300.000	0	0.114	3	-	unassigned_transcript_52	unassigned_transcript_52	CKV63_RS00265
NZ_LT906445.1	106147	106176	CGCTCACGAGTTCGGTCCTCCACACAATTT	42.320	98.185	296.371	0	0.305	3	-	unassigned_transcript_52	unassigned_transcript_52	CKV63_RS00265
NZ_LT906445.1	106220	106249	CGGGGAGAACCAGCTATCTCCGTGTTCGAT	42.680	98.471	295.746	0	0.209	3	-	unassigned_transcript_52	unassigned_transcript_52	CKV63_RS00265
NZ_LT906445.1	106279	106308	GCCCGATCAGTGCTCTACCGCCTATACTCT	42.200	99.551	299.102	0	0.321	3	-	unassigned_transcript_52	unassigned_transcript_52	CKV63_RS00265
NZ_LT906445.1	106309	106338	GACTAGGTTCGGTAACCGGTATGGCCCCTA	42.050	95.170	289.333	0	0.201	3	-	unassigned_transcript_52	unassigned_transcript_52	CKV63_RS00265
NZ_LT906445.1	106395	106424	CGGTGTTCTGGGCTGTTTCCCTCTTGACAA	42.270	100.000	300.000	0	0.383	3	-	unassigned_transcript_52	unassigned_transcript_52	CKV63_RS00265
NZ_LT906445.1	106476	106505	TGGCTGCTTCTAAGCCAACATCCTGGTTGT	42.070	100.000	300.000	0	0.160	3	-	unassigned_transcript_52	unassigned_transcript_52	CKV63_RS00265
NZ_LT906445.1	106523	106552	GGCGCAGAGTCTCTCGACCAGTGAGCTATT	42.760	100.000	300.000	0	0.169	3	-	unassigned_transcript_52	unassigned_transcript_52	CKV63_RS00265
NZ_LT906445.1	106606	106635	GCCCGATGAGAACGCTCCCCTACCCATATA	42.360	98.555	296.194	0	0.404	3	-	unassigned_transcript_52	unassigned_transcript_52	CKV63_RS00265
NZ_LT906445.1	106717	106746	TGCTCAGGAACCCTTAGGCTTTCGGTGGAA	42.950	98.286	295.467	0	0.169	3	-	unassigned_transcript_52	unassigned_transcript_52	CKV63_RS00265
NZ_LT906445.1	106747	106776	GGTCCCGACTTACCCTGAGACGACGATCGT	43.750	96.136	285.495	0	0.230	3	-	unassigned_transcript_52	unassigned_transcript_52	CKV63_RS00265
NZ_LT906445.1	106777	106806	CCATCGCCTACGCTTTTCCGCCTCGGCTTA	45.340	98.212	294.889	0	0.168	3	-	unassigned_transcript_52	unassigned_transcript_52	CKV63_RS00265
NZ_LT906445.1	106854	106883	TCGCGTGCTGACCTACCTTACTGTGTCACT	42.460	100.000	300.000	0	0.324	3	-	unassigned_transcript_52	unassigned_transcript_52	CKV63_RS00265
NZ_LT906445.1	107015	107044	CGGTTTTGGTACGGGCGATGTGTCTCTACC	42.200	98.956	296.848	0	0.456	3	-	unassigned_transcript_52	unassigned_transcript_52	CKV63_RS00265
NZ_LT906445.1	107045	107074	CCTTAGGATTCTCTCCCCGCCTACCTGTGT	42.090	98.399	294.572	0	0.231	3	-	unassigned_transcript_52	unassigned_transcript_52	CKV63_RS00265
NZ_LT906445.1	107075	107104	CGAGTTCCTTAACGAGGGTTTTCCCGCGCA	43.960	100.000	300.000	0	0.101	3	-	unassigned_transcript_52	unassigned_transcript_52	CKV63_RS00265
NZ_LT906445.1	107111	107140	AGTCCTCCTTTTCCCGAAGTTACGGAGGCA	42.510	99.368	298.737	0	0.256	3	-	unassigned_transcript_52	unassigned_transcript_52	CKV63_RS00265
NZ_LT906445.1	107143	107172	GCTCCAAGCGTTGCTGCTCTTCACACTACA	42.530	96.824	293.648	0	0.201	3	-	unassigned_transcript_52	unassigned_transcript_52	CKV63_RS00265
NZ_LT906445.1	107173	107202	GCTTGCGCCTCTCTTGTGCCACTCATTCAT	42.910	97.335	294.671	0	0.160	3	-	unassigned_transcript_52	unassigned_transcript_52	CKV63_RS00265
NZ_LT906445.1	107210	107239	TCGCTTTAGCAGGCACCTGTGTTTGTGGTA	42.060	100.000	300.000	0	0.290	3	-	unassigned_transcript_52	unassigned_transcript_52	CKV63_RS00265
NZ_LT906445.1	107241	107270	CGGGCAGGTGTCAGCACCTATACATCAGCT	43.140	98.349	296.698	0	0.164	3	-	unassigned_transcript_52	unassigned_transcript_52	CKV63_RS00265
NZ_LT906445.1	107285	107314	GAGCTTCGACCGAAGTCTAACCCCTCCTCT	42.080	100.000	299.018	0	0.280	3	-	unassigned_transcript_52	unassigned_transcript_52	CKV63_RS00265
NZ_LT906445.1	107315	107344	ACGGCCGCCGTTTACTGGGGCTTCAATTCA	45.640	99.265	298.529	0	0.257	3	-	unassigned_transcript_52	unassigned_transcript_52	CKV63_RS00265
NZ_LT906445.1	107369	107398	GCGGGTCGGAACTTACCCGACAAGGAATTT	42.310	100.000	298.901	0	0.144	3	-	unassigned_transcript_52	unassigned_transcript_52	CKV63_RS00265
NZ_LT906445.1	107399	107428	AGACAGTGCGCAAGTCGTTACACCTTTCGT	42.040	100.000	300.000	0	0.208	3	-	unassigned_transcript_52	unassigned_transcript_52	CKV63_RS00265
NZ_LT906445.1	107453	107482	TCGCGGGTAACCTGCATCTTCACAGGTACT	42.640	100.000	299.958	0	0.217	3	-	unassigned_transcript_52	unassigned_transcript_52	CKV63_RS00265
NZ_LT906445.1	107573	107602	CCAACAGCGACTCCCCTAAAACTAGCGTCC	42.070	100.000	300.000	0	0.343	3	-	unassigned_transcript_52	unassigned_transcript_52	CKV63_RS00265
NZ_LT906445.1	107623	107652	GCCGGTCGTTACTCGGCCCGTTAGAAATCA	43.460	100.000	299.669	0	0.212	3	-	unassigned_transcript_52	unassigned_transcript_52	CKV63_RS00265
NZ_LT906445.1	107653	107682	CCAGTCAAACTGCCCGCCTAAGACTGTCCG	43.860	100.000	300.000	0	0.240	3	-	unassigned_transcript_52	unassigned_transcript_52	CKV63_RS00265
NZ_LT906445.1	107683	107712	GCCTCCGTTACTCTTTTGGAGGCGACCGCC	45.660	96.341	292.681	0	0.156	3	-	unassigned_transcript_52	unassigned_transcript_52	CKV63_RS00265
NZ_LT906445.1	107713	107742	TTTCCGTCCGCTCTGAGGGAACCTTTGGGC	45.280	99.368	298.735	0	0.196	3	-	unassigned_transcript_52	unassigned_transcript_52	CKV63_RS00265
NZ_LT906445.1	107744	107773	GCTCCCTTCTGCCTTTACACTCTTCGAGCG	42.210	100.000	300.000	0	0.218	3	-	unassigned_transcript_52	unassigned_transcript_52	CKV63_RS00265
NZ_LT906445.1	107774	107803	CCCTGCTCGACCTGTCCGTCTCGCAGTCAA	46.080	96.993	293.986	0	0.292	3	-	unassigned_transcript_52	unassigned_transcript_52	CKV63_RS00265
NZ_LT906445.1	107804	107833	CACCACCGGATCACTAAGCCCGACTTTCGT	43.320	98.935	297.206	0	0.203	3	-	unassigned_transcript_52	unassigned_transcript_52	CKV63_RS00265
NZ_LT906445.1	107834	107863	TATCCGTTGAGCGATGGCCCTTCCACTCGG	44.730	98.636	296.948	0	0.197	3	-	unassigned_transcript_52	unassigned_transcript_52	CKV63_RS00265
NZ_LT906445.1	107892	107921	CCTCCCCGTCGATATGGACTCTTGGGAGAG	42.230	99.277	293.524	0	0.235	3	-	unassigned_transcript_52	unassigned_transcript_52	CKV63_RS00265
NZ_LT906445.1	107922	107951	GATGTGATGAGCCGACATCGAGGTGCCAAA	42.320	100.000	300.000	0	0.280	3	-	unassigned_transcript_52	unassigned_transcript_52	CKV63_RS00265
NZ_LT906445.1	107952	107981	CCGAACCCTTGGGACCTACTTCAGCCCCAG	44.860	100.000	298.796	0	0.268	3	-	unassigned_transcript_52	unassigned_transcript_52	CKV63_RS00265
NZ_LT906445.1	107985	108014	CCCAGCTCACGTACCACTTTAATCGGCGAA	42.040	98.564	297.129	0	0.387	3	-	unassigned_transcript_52	unassigned_transcript_52	CKV63_RS00265
NZ_LT906445.1	108015	108044	AGGGACCGAACTGTCTCACGACGTTCTGAA	42.410	93.554	273.417	0	0.181	3	-	unassigned_transcript_52	unassigned_transcript_52	CKV63_RS00265
NZ_LT906445.1	108045	108074	CCCTTCAAGTTTCTTGCGCCCGCGATGGAT	44.560	100.000	300.000	0	0.203	3	-	unassigned_transcript_52	unassigned_transcript_52	CKV63_RS00265
NZ_LT906445.1	108075	108104	CACTCCGGTCCTCTCGTACTAGGAGCAGCC	43.860	99.615	298.538	0	0.215	3	-	unassigned_transcript_52	unassigned_transcript_52	CKV63_RS00265
NZ_LT906445.1	108106	108135	GGCAGGATAATTGGTACACCAGCGGTTCGT	42.190	100.000	298.643	0	0.244	3	-	unassigned_transcript_52	unassigned_transcript_52	CKV63_RS00265
NZ_LT906445.1	108136	108165	TCCCGAACGTAGCTACCCAACTGTACCCTT	42.100	98.083	293.936	0	0.341	3	-	unassigned_transcript_52	unassigned_transcript_52	CKV63_RS00265
NZ_LT906445.1	108255	108284	CGGCTCTTCCACACCTGGCCTATCTACCAT	42.680	97.747	295.212	0	0.340	3	-	unassigned_transcript_52	unassigned_transcript_52	CKV63_RS00265
NZ_LT906445.1	108406	108435	AGGTGGATCCTCATAGCCATCGCCACTGAA	42.520	97.718	295.435	0	0.223	3	-	unassigned_transcript_53	unassigned_transcript_53	CKV63_RS00270
NZ_LT906445.1	108468	108497	GCCGTCTCCAGCCAAGTACTTTCGGCGTTT	44.170	100.000	300.000	0	0.270	3	-	unassigned_transcript_53	unassigned_transcript_53	CKV63_RS00270
NZ_LT906445.1	207174	207203	CCCGCCCTAACGATTTAGCAAACCGTCCTC	42.500	100.000	0.000	0	0.270	0	-	unassigned_transcript_143	unassigned_transcript_143	CKV63_RS00720
NZ_LT906445.1	207206	207235	AGGATTAGGGATTCGAACCCTAGCGACGGT	42.040	95.319	0.000	0	0.260	0	-	unassigned_transcript_143	unassigned_transcript_143	CKV63_RS00720
NZ_LT906445.1	443426	443455	ATTTCCAATCATGCTCCTTCAGCCGCTCGG	42.650	100.000	0.000	0	0.308	0	+	unassigned_transcript_359	unassigned_transcript_359	CKV63_RS01795
NZ_LT906445.1	469003	469032	AGGGCGACATGTTAACCGCTACACCACGGG	45.180	98.264	98.264	0	0.349	2	-	unassigned_transcript_381	unassigned_transcript_381	CKV63_RS01905
NZ_LT906445.1	469046	469075	TGGCGACCCCGATCAGATTTGAACTGACGA	42.980	100.000	100.000	0	0.282	2	-	unassigned_transcript_381	unassigned_transcript_381	CKV63_RS01905
NZ_LT906445.1	469143	469172	TGGTGCCTCAGGACAGAATCGAACTGTCGA	42.550	100.000	100.000	0	0.203	2	-	unassigned_transcript_382	unassigned_transcript_382	CKV63_RS01910
NZ_LT906445.1	469222	469251	TGAACCCGCACGAGCGTTAGCTCACCACCC	46.850	98.812	0.000	0	0.200	0	-	unassigned_transcript_383	unassigned_transcript_383	CKV63_RS01915
NZ_LT906445.1	501495	501524	CCGGTTGCCCGACCTACCGCATTTCGAGTG	45.780	97.699	0.000	0	0.183	0	+	unassigned_transcript_419	unassigned_transcript_419	CKV63_RS02095
NZ_LT906445.1	501525	501554	CGGACCCTTCAGCCTCTTGGGTACTCCTCC	44.250	98.915	0.000	0	0.188	0	+	unassigned_transcript_419	unassigned_transcript_419	CKV63_RS02095
NZ_LT906445.1	522732	522761	TCGGAGCAGCAGGATTCGAACCTGCGACCC	46.600	99.823	0.000	0	0.226	0	-	unassigned_transcript_443	unassigned_transcript_443	CKV63_RS02215
NZ_LT906445.1	522801	522830	TCGAACCCTCGCGACCAGCTTGGAAGGCTG	46.730	99.281	0.000	0	0.168	0	-	unassigned_transcript_444	unassigned_transcript_444	CKV63_RS02220
NZ_LT906445.1	522966	522995	CCACGGCTTAGAAGGCCGTTGCTCTATCCA	43.270	100.000	0.000	0	0.082	0	-	unassigned_transcript_445	unassigned_transcript_445	CKV63_RS02225
NZ_LT906445.1	578696	578725	GCGTTCGTCCTGAGCCAGGATCAAACTCTC	42.210	100.000	300.000	0	0.168	3	-	unassigned_transcript_479	unassigned_transcript_479	CKV63_RS02395
NZ_LT906445.1	578726	578755	TTCGACTTGCATGTGTTAAGCACGCCGCCA	44.500	98.049	296.099	0	0.239	3	-	unassigned_transcript_479	unassigned_transcript_479	CKV63_RS02395
NZ_LT906445.1	578784	578813	CGCGTTACTCACCCGTTCGCCACTAAGATT	42.140	99.412	297.917	0	0.320	3	-	unassigned_transcript_479	unassigned_transcript_479	CKV63_RS02395
NZ_LT906445.1	578864	578893	CCTCGATGCCGAGGTTAGATCGTATGCGGT	42.840	100.000	299.276	0	0.152	3	-	unassigned_transcript_479	unassigned_transcript_479	CKV63_RS02395
NZ_LT906445.1	578949	578978	TGGGCCGTTACCCCTCCAACTAGCTAATCA	42.300	98.913	297.827	0	0.320	3	-	unassigned_transcript_479	unassigned_transcript_479	CKV63_RS02395
NZ_LT906445.1	578979	579008	TCTCAGACCGGCTACTGATCATCGCCTTGG	42.700	100.000	300.000	0	0.285	3	-	unassigned_transcript_479	unassigned_transcript_479	CKV63_RS02395
NZ_LT906445.1	579009	579038	GTGTCTCAGTCCCAATGTGGCCGTTCATCC	42.530	95.229	290.458	0	0.259	3	-	unassigned_transcript_479	unassigned_transcript_479	CKV63_RS02395
NZ_LT906445.1	579043	579072	TTCCCCACTGCTGCCTCCCGTAGGAGTCTG	45.710	97.885	295.770	0	0.167	3	-	unassigned_transcript_479	unassigned_transcript_479	CKV63_RS02395
NZ_LT906445.1	579074	579103	GCTCCGTCAGACTTTCGTCCATTGCGGAAG	42.700	100.000	300.000	0	0.110	3	-	unassigned_transcript_479	unassigned_transcript_479	CKV63_RS02395
NZ_LT906445.1	579109	579138	TACAACCCGAAGGCCGTCATCACTCACGCG	45.160	99.931	299.583	0	0.237	3	-	unassigned_transcript_479	unassigned_transcript_479	CKV63_RS02395
NZ_LT906445.1	579149	579178	CTGTTCGCAAGAAGGCCTTTCGTCCCGATT	42.620	98.622	297.244	0	0.046	3	-	unassigned_transcript_479	unassigned_transcript_479	CKV63_RS02395
NZ_LT906445.1	579187	579216	GCCGTGGCTTTCTATTCCGGTACCGTCAAT	42.160	98.818	297.073	0	0.394	3	-	unassigned_transcript_479	unassigned_transcript_479	CKV63_RS02395
NZ_LT906445.1	579217	579246	CGTATTACCGCGGCTGCTGGCACGTAGTTA	43.590	100.000	300.000	0	0.296	3	-	unassigned_transcript_479	unassigned_transcript_479	CKV63_RS02395
NZ_LT906445.1	579248	579277	CCCAATAATTCCGGACAACGCTTGCCACCT	42.810	100.000	299.073	0	0.322	3	-	unassigned_transcript_479	unassigned_transcript_479	CKV63_RS02395
NZ_LT906445.1	579278	579307	ACTAACTGATCCGCCTGCGCGCGCTTTACG	45.810	100.000	292.925	0	0.176	3	-	unassigned_transcript_479	unassigned_transcript_479	CKV63_RS02395
NZ_LT906445.1	579314	579343	CCCATCACGGGGTTAAGCCCCGAACTTTTA	42.080	96.692	273.998	0	0.031	3	-	unassigned_transcript_479	unassigned_transcript_479	CKV63_RS02395
NZ_LT906445.1	579414	579443	GTCGCCTTCGCCACTGGTGTTCTTCCTAAT	42.100	99.591	299.182	0	0.179	3	-	unassigned_transcript_479	unassigned_transcript_479	CKV63_RS02395
NZ_LT906445.1	579444	579473	CGCGCCTCAGCGTCAGTTTTCGTCCAGAAA	44.350	98.351	296.702	0	0.229	3	-	unassigned_transcript_479	unassigned_transcript_479	CKV63_RS02395
NZ_LT906445.1	579475	579504	GGTATCTAATCCCGTTCGCTCCCCTGGCTT	42.880	99.177	296.654	0	0.280	3	-	unassigned_transcript_479	unassigned_transcript_479	CKV63_RS02395
NZ_LT906445.1	579505	579534	GTACCCATCGTTTACGGCCAGGACTACCGG	43.190	95.843	287.035	0	0.251	3	-	unassigned_transcript_479	unassigned_transcript_479	CKV63_RS02395
NZ_LT906445.1	579536	579565	GCACAGAAGGGGTCGATACCTCCTACACCT	42.200	97.085	290.245	0	0.307	3	-	unassigned_transcript_479	unassigned_transcript_479	CKV63_RS02395
NZ_LT906445.1	579566	579595	CCAGGCGGGGTACTTATTGCGTTAACTCCG	42.310	98.860	297.720	0	0.340	3	-	unassigned_transcript_479	unassigned_transcript_479	CKV63_RS02395
NZ_LT906445.1	579637	579666	AAACCACATACTCCACCGCTTGTGCGGGCC	45.990	98.625	296.275	0	0.090	3	-	unassigned_transcript_479	unassigned_transcript_479	CKV63_RS02395
NZ_LT906445.1	579668	579697	CCTGGTAAGGTTCTTCGCGTTGCGTCGAAT	42.500	97.950	295.274	0	0.161	3	-	unassigned_transcript_479	unassigned_transcript_479	CKV63_RS02395
NZ_LT906445.1	579735	579764	TGCACCACCTGTTTTCTGGCTTCCGAAGAA	42.280	100.000	299.233	0	0.230	3	-	unassigned_transcript_479	unassigned_transcript_479	CKV63_RS02395
NZ_LT906445.1	579765	579794	ACATCTCACGACACGAGCTGACGACAACCG	43.380	100.000	297.956	0	0.309	3	-	unassigned_transcript_479	unassigned_transcript_479	CKV63_RS02395
NZ_LT906445.1	579797	579826	TAGGGGTTGCGCTCGTTGCGGGACTTAACC	45.330	97.984	295.968	0	0.219	3	-	unassigned_transcript_479	unassigned_transcript_479	CKV63_RS02395
NZ_LT906445.1	579827	579856	GTTCCCACCCGAAGTGCTGGCAACATAAGA	42.360	100.000	187.394	0	0.192	3	-	unassigned_transcript_479	unassigned_transcript_479	CKV63_RS02395
NZ_LT906445.1	579857	579886	CTCCGCATTGTCTGCGGCAGTCTCTCATGA	43.520	96.131	292.262	0	0.034	3	-	unassigned_transcript_479	unassigned_transcript_479	CKV63_RS02395
NZ_LT906445.1	579888	579917	GGCATGATGATTTGACGTCATCCCCGCCTT	42.690	100.000	297.021	0	0.280	3	-	unassigned_transcript_479	unassigned_transcript_479	CKV63_RS02395
NZ_LT906445.1	579958	579987	GCTCCATCTCGCGATCTCGCTTCCGTCTAT	42.790	100.000	298.386	0	0.193	3	-	unassigned_transcript_479	unassigned_transcript_479	CKV63_RS02395
NZ_LT906445.1	579999	580028	TGCAGCCTACGATCCGAACTGAGAGAGTGT	42.190	100.000	299.154	0	0.274	3	-	unassigned_transcript_479	unassigned_transcript_479	CKV63_RS02395
NZ_LT906445.1	580029	580058	ACTAGCGATTCCGACTTCACGTAGGCGAGT	42.290	100.000	296.360	0	0.288	3	-	unassigned_transcript_479	unassigned_transcript_479	CKV63_RS02395
NZ_LT906445.1	580060	580089	CGTATTCACCGCAGTATGCTGACCTGCGAT	42.100	99.450	295.368	0	0.153	3	-	unassigned_transcript_479	unassigned_transcript_479	CKV63_RS02395
NZ_LT906445.1	580097	580126	TCGTGGTGTGACGGGCGGTGTGTACAAGGC	46.940	98.982	297.920	0	0.330	3	-	unassigned_transcript_479	unassigned_transcript_479	CKV63_RS02395
NZ_LT906445.1	580127	580156	TACCCCACCGGCTTTGGGCACTTCCGACTT	46.480	98.941	297.882	0	0.182	3	-	unassigned_transcript_479	unassigned_transcript_479	CKV63_RS02395
NZ_LT906445.1	580157	580186	CTTTACCTTAGACGGCTGGCTCCCGAAGGT	42.890	99.732	299.464	0	0.248	3	-	unassigned_transcript_479	unassigned_transcript_479	CKV63_RS02395
NZ_LT906445.1	580206	580235	CGCACCTTCCGATACGGCTACCTTGTTACG	42.150	99.949	299.335	0	0.241	3	-	unassigned_transcript_479	unassigned_transcript_479	CKV63_RS02395
NZ_LT906445.1	580432	580461	CGAACCACCGACCTCACGCTTATCAGGCGT	45.010	98.915	99.430	0	0.182	0	-	unassigned_transcript_480	unassigned_transcript_480	CKV63_RS02400
NZ_LT906445.1	580612	580641	GCAGGTGCTCTCCCAACTGAGCTACGCCCC	46.900	100.000	99.765	0	0.137	0	-	unassigned_transcript_481	unassigned_transcript_481	CKV63_RS02405
NZ_LT906445.1	580653	580682	GGAGACGAGGAGATTCGAACTCCTGACCCC	42.470	94.828	93.376	0	0.250	0	-	unassigned_transcript_481	unassigned_transcript_481	CKV63_RS02405
NZ_LT906445.1	581054	581083	GCCAAGGCATCCACCGTACGCCCTTATTAT	42.170	99.385	297.795	0	0.293	3	-	unassigned_transcript_482	unassigned_transcript_482	CKV63_RS02410
NZ_LT906445.1	581086	581115	GCAGCTTACCGCGTCCTTCTTCGGCTGATA	43.500	98.624	296.278	0	0.241	3	-	unassigned_transcript_482	unassigned_transcript_482	CKV63_RS02410
NZ_LT906445.1	581119	581148	TCACAGGTTGCTTGCACCTCTCCGTAGCTT	43.180	97.928	295.857	0	0.177	3	-	unassigned_transcript_482	unassigned_transcript_482	CKV63_RS02410
NZ_LT906445.1	581167	581196	TGACAGTGCATAACCACTGCCGGGTTCCCC	45.350	100.000	299.850	0	0.082	3	-	unassigned_transcript_482	unassigned_transcript_482	CKV63_RS02410
NZ_LT906445.1	581200	581229	CCCGGGTGCCCTCCTCATAGTCTATGCTAT	42.060	99.337	298.675	0	0.154	3	-	unassigned_transcript_482	unassigned_transcript_482	CKV63_RS02410
NZ_LT906445.1	581272	581301	CCCGTTCGCTCGCCGCTACTAAGAAAATCT	42.030	100.000	300.000	0	0.287	3	-	unassigned_transcript_482	unassigned_transcript_482	CKV63_RS02410
NZ_LT906445.1	581323	581352	GATGACTGTCCTCAACCCCGGTGCGGTTGC	45.890	100.000	298.687	0	0.110	3	-	unassigned_transcript_482	unassigned_transcript_482	CKV63_RS02410
NZ_LT906445.1	581368	581397	TGCGGCTGAGCTTTCCAGCTCGATTCTTCT	43.390	99.618	273.151	0	0.042	3	-	unassigned_transcript_482	unassigned_transcript_482	CKV63_RS02410
NZ_LT906445.1	581452	581481	CTTCCCACAAGGTTTCACGTGTCTCGTGGT	42.130	88.752	273.913	0	0.108	3	-	unassigned_transcript_482	unassigned_transcript_482	CKV63_RS02410
NZ_LT906445.1	581516	581545	CCCTCACGGTACTATGCGCTATCGGTCGAT	42.470	99.306	295.621	0	0.193	3	-	unassigned_transcript_482	unassigned_transcript_482	CKV63_RS02410
NZ_LT906445.1	581546	581575	CACTCCCCGCCAGGGGTTCTTTTCACCTTT	43.930	99.086	298.172	0	0.095	3	-	unassigned_transcript_482	unassigned_transcript_482	CKV63_RS02410
NZ_LT906445.1	581627	581656	CATTCTTCAATAGGCACGCCGTCGTCCTGA	42.050	98.379	296.758	0	0.162	3	-	unassigned_transcript_482	unassigned_transcript_482	CKV63_RS02410
NZ_LT906445.1	581678	581707	GCGGCTCCATGTTTTCCACTTAACCTCGCT	42.690	100.000	300.000	0	0.410	3	-	unassigned_transcript_482	unassigned_transcript_482	CKV63_RS02410
NZ_LT906445.1	581708	581737	CTGAACGCCCTGTTCAGACTCGCTTTCGCT	43.900	100.000	300.000	0	0.114	3	-	unassigned_transcript_482	unassigned_transcript_482	CKV63_RS02410
NZ_LT906445.1	581798	581827	CGCTCACGAGTTCGGTCCTCCACACAATTT	42.320	98.185	296.371	0	0.305	3	-	unassigned_transcript_482	unassigned_transcript_482	CKV63_RS02410
NZ_LT906445.1	581871	581900	CGGGGAGAACCAGCTATCTCCGTGTTCGAT	42.680	98.471	295.746	0	0.209	3	-	unassigned_transcript_482	unassigned_transcript_482	CKV63_RS02410
NZ_LT906445.1	581930	581959	GCCCGATCAGTGCTCTACCGCCTATACTCT	42.200	99.551	299.102	0	0.321	3	-	unassigned_transcript_482	unassigned_transcript_482	CKV63_RS02410
NZ_LT906445.1	581960	581989	GACTAGGTTCGGTAACCGGTATGGCCCCTA	42.050	95.170	289.333	0	0.201	3	-	unassigned_transcript_482	unassigned_transcript_482	CKV63_RS02410
NZ_LT906445.1	582046	582075	CGGTGTTCTGGGCTGTTTCCCTCTTGACAA	42.270	100.000	300.000	0	0.383	3	-	unassigned_transcript_482	unassigned_transcript_482	CKV63_RS02410
NZ_LT906445.1	582127	582156	TGGCTGCTTCTAAGCCAACATCCTGGTTGT	42.070	100.000	300.000	0	0.160	3	-	unassigned_transcript_482	unassigned_transcript_482	CKV63_RS02410
NZ_LT906445.1	582174	582203	GGCGCAGAGTCTCTCGACCAGTGAGCTATT	42.760	100.000	300.000	0	0.169	3	-	unassigned_transcript_482	unassigned_transcript_482	CKV63_RS02410
NZ_LT906445.1	582257	582286	GCCCGATGAGAACGCTCCCCTACCCATATA	42.360	98.555	296.194	0	0.404	3	-	unassigned_transcript_482	unassigned_transcript_482	CKV63_RS02410
NZ_LT906445.1	582368	582397	TGCTCAGGAACCCTTAGGCTTTCGGTGGAA	42.950	98.286	295.467	0	0.169	3	-	unassigned_transcript_482	unassigned_transcript_482	CKV63_RS02410
NZ_LT906445.1	582398	582427	GGTCCCGACTTACCCTGAGACGACGATCGT	43.750	96.136	285.495	0	0.230	3	-	unassigned_transcript_482	unassigned_transcript_482	CKV63_RS02410
NZ_LT906445.1	582428	582457	CCATCGCCTACGCTTTTCCGCCTCGGCTTA	45.340	98.212	294.889	0	0.168	3	-	unassigned_transcript_482	unassigned_transcript_482	CKV63_RS02410
NZ_LT906445.1	582505	582534	TCGCGTGCTGACCTACCTTACTGTGTCACT	42.460	100.000	300.000	0	0.324	3	-	unassigned_transcript_482	unassigned_transcript_482	CKV63_RS02410
NZ_LT906445.1	582666	582695	CGGTTTTGGTACGGGCGATGTGTCTCTACC	42.200	98.956	296.848	0	0.456	3	-	unassigned_transcript_482	unassigned_transcript_482	CKV63_RS02410
NZ_LT906445.1	582696	582725	CCTTAGGATTCTCTCCCCGCCTACCTGTGT	42.090	98.399	294.572	0	0.231	3	-	unassigned_transcript_482	unassigned_transcript_482	CKV63_RS02410
NZ_LT906445.1	582726	582755	CGAGTTCCTTAACGAGGGTTTTCCCGCGCA	43.960	100.000	300.000	0	0.101	3	-	unassigned_transcript_482	unassigned_transcript_482	CKV63_RS02410
NZ_LT906445.1	582762	582791	AGTCCTCCTTTTCCCGAAGTTACGGAGGCA	42.510	99.368	298.737	0	0.256	3	-	unassigned_transcript_482	unassigned_transcript_482	CKV63_RS02410
NZ_LT906445.1	582794	582823	GCTCCAAGCGTTGCTGCTCTTCACACTACA	42.530	96.824	293.648	0	0.201	3	-	unassigned_transcript_482	unassigned_transcript_482	CKV63_RS02410
NZ_LT906445.1	582824	582853	GCTTGCGCCTCTCTTGTGCCACTCATTCAT	42.910	97.335	294.671	0	0.160	3	-	unassigned_transcript_482	unassigned_transcript_482	CKV63_RS02410
NZ_LT906445.1	582861	582890	TCGCTTTAGCAGGCACCTGTGTTTGTGGTA	42.060	100.000	300.000	0	0.290	3	-	unassigned_transcript_482	unassigned_transcript_482	CKV63_RS02410
NZ_LT906445.1	582892	582921	CGGGCAGGTGTCAGCACCTATACATCAGCT	43.140	98.349	296.698	0	0.164	3	-	unassigned_transcript_482	unassigned_transcript_482	CKV63_RS02410
NZ_LT906445.1	582936	582965	GAGCTTCGACCGAAGTCTAACCCCTCCTCT	42.080	100.000	299.018	0	0.280	3	-	unassigned_transcript_482	unassigned_transcript_482	CKV63_RS02410
NZ_LT906445.1	582966	582995	ACGGCCGCCGTTTACTGGGGCTTCAATTCA	45.640	99.265	298.529	0	0.257	3	-	unassigned_transcript_482	unassigned_transcript_482	CKV63_RS02410
NZ_LT906445.1	583020	583049	GCGGGTCGGAACTTACCCGACAAGGAATTT	42.310	100.000	298.901	0	0.144	3	-	unassigned_transcript_482	unassigned_transcript_482	CKV63_RS02410
NZ_LT906445.1	583050	583079	AGACAGTGCGCAAGTCGTTACACCTTTCGT	42.040	100.000	300.000	0	0.208	3	-	unassigned_transcript_482	unassigned_transcript_482	CKV63_RS02410
NZ_LT906445.1	583104	583133	TCGCGGGTAACCTGCATCTTCACAGGTACT	42.640	100.000	299.958	0	0.217	3	-	unassigned_transcript_482	unassigned_transcript_482	CKV63_RS02410
NZ_LT906445.1	583224	583253	CCAACAGCGACTCCCCTAAAACTAGCGTCC	42.070	100.000	300.000	0	0.343	3	-	unassigned_transcript_482	unassigned_transcript_482	CKV63_RS02410
NZ_LT906445.1	583274	583303	GCCGGTCGTTACTCGGCCCGTTAGAAATCA	43.460	100.000	299.669	0	0.212	3	-	unassigned_transcript_482	unassigned_transcript_482	CKV63_RS02410
NZ_LT906445.1	583304	583333	CCAGTCAAACTGCCCGCCTAAGACTGTCCG	43.860	100.000	300.000	0	0.240	3	-	unassigned_transcript_482	unassigned_transcript_482	CKV63_RS02410
NZ_LT906445.1	583334	583363	GCCTCCGTTACTCTTTTGGAGGCGACCGCC	45.660	96.341	292.681	0	0.156	3	-	unassigned_transcript_482	unassigned_transcript_482	CKV63_RS02410
NZ_LT906445.1	583364	583393	TTTCCGTCCGCTCTGAGGGAACCTTTGGGC	45.280	99.368	298.735	0	0.196	3	-	unassigned_transcript_482	unassigned_transcript_482	CKV63_RS02410
NZ_LT906445.1	583395	583424	GCTCCCTTCTGCCTTTACACTCTTCGAGCG	42.210	100.000	300.000	0	0.218	3	-	unassigned_transcript_482	unassigned_transcript_482	CKV63_RS02410
NZ_LT906445.1	583425	583454	CCCTGCTCGACCTGTCCGTCTCGCAGTCAA	46.080	96.993	293.986	0	0.292	3	-	unassigned_transcript_482	unassigned_transcript_482	CKV63_RS02410
NZ_LT906445.1	583455	583484	CACCACCGGATCACTAAGCCCGACTTTCGT	43.320	98.935	297.206	0	0.203	3	-	unassigned_transcript_482	unassigned_transcript_482	CKV63_RS02410
NZ_LT906445.1	583485	583514	TATCCGTTGAGCGATGGCCCTTCCACTCGG	44.730	98.636	296.948	0	0.197	3	-	unassigned_transcript_482	unassigned_transcript_482	CKV63_RS02410
NZ_LT906445.1	583543	583572	CCTCCCCGTCGATATGGACTCTTGGGAGAG	42.230	99.277	293.524	0	0.235	3	-	unassigned_transcript_482	unassigned_transcript_482	CKV63_RS02410
NZ_LT906445.1	583573	583602	GATGTGATGAGCCGACATCGAGGTGCCAAA	42.320	100.000	300.000	0	0.280	3	-	unassigned_transcript_482	unassigned_transcript_482	CKV63_RS02410
NZ_LT906445.1	583603	583632	CCGAACCCTTGGGACCTACTTCAGCCCCAG	44.860	100.000	298.796	0	0.268	3	-	unassigned_transcript_482	unassigned_transcript_482	CKV63_RS02410
NZ_LT906445.1	583636	583665	CCCAGCTCACGTACCACTTTAATCGGCGAA	42.040	98.564	297.129	0	0.387	3	-	unassigned_transcript_482	unassigned_transcript_482	CKV63_RS02410
NZ_LT906445.1	583666	583695	AGGGACCGAACTGTCTCACGACGTTCTGAA	42.410	93.554	273.417	0	0.181	3	-	unassigned_transcript_482	unassigned_transcript_482	CKV63_RS02410
NZ_LT906445.1	583696	583725	CCCTTCAAGTTTCTTGCGCCCGCGATGGAT	44.560	100.000	300.000	0	0.203	3	-	unassigned_transcript_482	unassigned_transcript_482	CKV63_RS02410
NZ_LT906445.1	583726	583755	CACTCCGGTCCTCTCGTACTAGGAGCAGCC	43.860	99.615	298.538	0	0.215	3	-	unassigned_transcript_482	unassigned_transcript_482	CKV63_RS02410
NZ_LT906445.1	583757	583786	GGCAGGATAATTGGTACACCAGCGGTTCGT	42.190	100.000	298.643	0	0.244	3	-	unassigned_transcript_482	unassigned_transcript_482	CKV63_RS02410
NZ_LT906445.1	583787	583816	TCCCGAACGTAGCTACCCAACTGTACCCTT	42.100	98.083	293.936	0	0.341	3	-	unassigned_transcript_482	unassigned_transcript_482	CKV63_RS02410
NZ_LT906445.1	583906	583935	CGGCTCTTCCACACCTGGCCTATCTACCAT	42.680	97.747	295.212	0	0.340	3	-	unassigned_transcript_482	unassigned_transcript_482	CKV63_RS02410
NZ_LT906445.1	584201	584230	AGGTGGATCCTCATAGCCATCGCCACTGAA	42.520	97.718	295.435	0	0.223	3	-	unassigned_transcript_483	unassigned_transcript_483	CKV63_RS02415
NZ_LT906445.1	584263	584292	GCCGTCTCCAGCCAAGTACTTTCGGCGTTT	44.170	100.000	300.000	0	0.270	3	-	unassigned_transcript_483	unassigned_transcript_483	CKV63_RS02415
NZ_LT906445.1	722372	722401	GCGTTCGTCCTGAGCCAGGATCAAACTCTC	42.210	100.000	300.000	0	0.168	3	-	unassigned_transcript_610	unassigned_transcript_610	CKV63_RS03045
NZ_LT906445.1	722402	722431	TTCGACTTGCATGTGTTAAGCACGCCGCCA	44.500	98.049	296.099	0	0.239	3	-	unassigned_transcript_610	unassigned_transcript_610	CKV63_RS03045
NZ_LT906445.1	722460	722489	CGCGTTACTCACCCGTTCGCCACTAAGATT	42.140	99.412	297.917	0	0.320	3	-	unassigned_transcript_610	unassigned_transcript_610	CKV63_RS03045
NZ_LT906445.1	722540	722569	CCTCGATGCCGAGGTTAGATCGTATGCGGT	42.840	100.000	299.276	0	0.152	3	-	unassigned_transcript_610	unassigned_transcript_610	CKV63_RS03045
NZ_LT906445.1	722625	722654	TGGGCCGTTACCCCTCCAACTAGCTAATCA	42.300	98.913	297.827	0	0.320	3	-	unassigned_transcript_610	unassigned_transcript_610	CKV63_RS03045
NZ_LT906445.1	722655	722684	TCTCAGACCGGCTACTGATCATCGCCTTGG	42.700	100.000	300.000	0	0.285	3	-	unassigned_transcript_610	unassigned_transcript_610	CKV63_RS03045
NZ_LT906445.1	722685	722714	GTGTCTCAGTCCCAATGTGGCCGTTCATCC	42.530	95.229	290.458	0	0.259	3	-	unassigned_transcript_610	unassigned_transcript_610	CKV63_RS03045
NZ_LT906445.1	722719	722748	TTCCCCACTGCTGCCTCCCGTAGGAGTCTG	45.710	97.885	295.770	0	0.167	3	-	unassigned_transcript_610	unassigned_transcript_610	CKV63_RS03045
NZ_LT906445.1	722750	722779	GCTCCGTCAGACTTTCGTCCATTGCGGAAG	42.700	100.000	300.000	0	0.110	3	-	unassigned_transcript_610	unassigned_transcript_610	CKV63_RS03045
NZ_LT906445.1	722785	722814	TACAACCCGAAGGCCGTCATCACTCACGCG	45.160	99.931	299.583	0	0.237	3	-	unassigned_transcript_610	unassigned_transcript_610	CKV63_RS03045
NZ_LT906445.1	722825	722854	CTGTTCGCAAGAAGGCCTTTCGTCCCGATT	42.620	98.622	297.244	0	0.046	3	-	unassigned_transcript_610	unassigned_transcript_610	CKV63_RS03045
NZ_LT906445.1	722863	722892	GCCGTGGCTTTCTATTCCGGTACCGTCAAT	42.160	98.818	297.073	0	0.394	3	-	unassigned_transcript_610	unassigned_transcript_610	CKV63_RS03045
NZ_LT906445.1	722893	722922	CGTATTACCGCGGCTGCTGGCACGTAGTTA	43.590	100.000	300.000	0	0.296	3	-	unassigned_transcript_610	unassigned_transcript_610	CKV63_RS03045
NZ_LT906445.1	722924	722953	CCCAATAATTCCGGACAACGCTTGCCACCT	42.810	100.000	299.073	0	0.322	3	-	unassigned_transcript_610	unassigned_transcript_610	CKV63_RS03045
NZ_LT906445.1	722954	722983	ACTAACTGATCCGCCTGCGCGCGCTTTACG	45.810	100.000	292.925	0	0.176	3	-	unassigned_transcript_610	unassigned_transcript_610	CKV63_RS03045
NZ_LT906445.1	722990	723019	CCCATCACGGGGTTAAGCCCCGAACTTTTA	42.080	96.692	273.998	0	0.031	3	-	unassigned_transcript_610	unassigned_transcript_610	CKV63_RS03045
NZ_LT906445.1	723090	723119	GTCGCCTTCGCCACTGGTGTTCTTCCTAAT	42.100	99.591	299.182	0	0.179	3	-	unassigned_transcript_610	unassigned_transcript_610	CKV63_RS03045
NZ_LT906445.1	723120	723149	CGCGCCTCAGCGTCAGTTTTCGTCCAGAAA	44.350	98.351	296.702	0	0.229	3	-	unassigned_transcript_610	unassigned_transcript_610	CKV63_RS03045
NZ_LT906445.1	723151	723180	GGTATCTAATCCCGTTCGCTCCCCTGGCTT	42.880	99.177	296.654	0	0.280	3	-	unassigned_transcript_610	unassigned_transcript_610	CKV63_RS03045
NZ_LT906445.1	723181	723210	GTACCCATCGTTTACGGCCAGGACTACCGG	43.190	95.843	287.035	0	0.251	3	-	unassigned_transcript_610	unassigned_transcript_610	CKV63_RS03045
NZ_LT906445.1	723212	723241	GCACAGAAGGGGTCGATACCTCCTACACCT	42.200	97.085	290.245	0	0.307	3	-	unassigned_transcript_610	unassigned_transcript_610	CKV63_RS03045
NZ_LT906445.1	723242	723271	CCAGGCGGGGTACTTATTGCGTTAACTCCG	42.310	98.860	297.720	0	0.340	3	-	unassigned_transcript_610	unassigned_transcript_610	CKV63_RS03045
NZ_LT906445.1	723313	723342	AAACCACATACTCCACCGCTTGTGCGGGCC	45.990	98.625	296.275	0	0.090	3	-	unassigned_transcript_610	unassigned_transcript_610	CKV63_RS03045
NZ_LT906445.1	723344	723373	CCTGGTAAGGTTCTTCGCGTTGCGTCGAAT	42.500	97.950	295.274	0	0.161	3	-	unassigned_transcript_610	unassigned_transcript_610	CKV63_RS03045
NZ_LT906445.1	723411	723440	TGCACCACCTGTTTTCTGGCTTCCGAAGAA	42.280	100.000	299.233	0	0.230	3	-	unassigned_transcript_610	unassigned_transcript_610	CKV63_RS03045
NZ_LT906445.1	723441	723470	ACATCTCACGACACGAGCTGACGACAACCG	43.380	100.000	297.956	0	0.309	3	-	unassigned_transcript_610	unassigned_transcript_610	CKV63_RS03045
NZ_LT906445.1	723473	723502	TAGGGGTTGCGCTCGTTGCGGGACTTAACC	45.330	97.984	295.968	0	0.219	3	-	unassigned_transcript_610	unassigned_transcript_610	CKV63_RS03045
NZ_LT906445.1	723506	723535	TGAGTTCCCACCCAAAGTGCTGGCAACATA	42.050	100.000	195.150	0	0.160	2	-	unassigned_transcript_610	unassigned_transcript_610	CKV63_RS03045
NZ_LT906445.1	723536	723565	TTCCTCCGCATTGTCTGCGGCAGTCTCTCA	44.620	97.260	294.521	0	0.037	3	-	unassigned_transcript_610	unassigned_transcript_610	CKV63_RS03045
NZ_LT906445.1	723566	723595	GGGGCATGATGATTTGACGTCATCCCCGCC	44.550	98.851	293.197	0	0.218	3	-	unassigned_transcript_610	unassigned_transcript_610	CKV63_RS03045
NZ_LT906445.1	723634	723663	GCTCCATCTCGCGATCTCGCTTCCGTCTAT	42.790	100.000	298.386	0	0.193	3	-	unassigned_transcript_610	unassigned_transcript_610	CKV63_RS03045
NZ_LT906445.1	723675	723704	TGCAGCCTACGATCCGAACTGAGAGAGTGT	42.190	100.000	299.154	0	0.274	3	-	unassigned_transcript_610	unassigned_transcript_610	CKV63_RS03045
NZ_LT906445.1	723705	723734	ACTAGCGATTCCGACTTCACGTAGGCGAGT	42.290	100.000	296.360	0	0.288	3	-	unassigned_transcript_610	unassigned_transcript_610	CKV63_RS03045
NZ_LT906445.1	723736	723765	CGTATTCACCGCAGTATGCTGACCTGCGAT	42.100	99.450	295.368	0	0.153	3	-	unassigned_transcript_610	unassigned_transcript_610	CKV63_RS03045
NZ_LT906445.1	723773	723802	TCGTGGTGTGACGGGCGGTGTGTACAAGGC	46.940	98.982	297.920	0	0.330	3	-	unassigned_transcript_610	unassigned_transcript_610	CKV63_RS03045
NZ_LT906445.1	723803	723832	TACCCCACCGGCTTTGGGCACTTCCGACTT	46.480	98.941	297.882	0	0.182	3	-	unassigned_transcript_610	unassigned_transcript_610	CKV63_RS03045
NZ_LT906445.1	723833	723862	CTTTACCTTAGACGGCTGGCTCCCGAAGGT	42.890	99.732	299.464	0	0.248	3	-	unassigned_transcript_610	unassigned_transcript_610	CKV63_RS03045
NZ_LT906445.1	723882	723911	CGCACCTTCCGATACGGCTACCTTGTTACG	42.150	99.949	299.335	0	0.241	3	-	unassigned_transcript_610	unassigned_transcript_610	CKV63_RS03045
NZ_LT906445.1	724538	724567	GCCAAGGCATCCACCGTACGCCCTTATTAT	42.170	99.385	297.795	0	0.293	3	-	unassigned_transcript_611	unassigned_transcript_611	CKV63_RS03050
NZ_LT906445.1	724570	724599	GCAGCTTACCGCGTCCTTCTTCGGCTGATA	43.500	98.624	296.278	0	0.241	3	-	unassigned_transcript_611	unassigned_transcript_611	CKV63_RS03050
NZ_LT906445.1	724603	724632	TCACAGGTTGCTTGCACCTCTCCGTAGCTT	43.180	97.928	295.857	0	0.177	3	-	unassigned_transcript_611	unassigned_transcript_611	CKV63_RS03050
NZ_LT906445.1	724651	724680	TGACAGTGCATAACCACTGCCGGGTTCCCC	45.350	100.000	299.850	0	0.082	3	-	unassigned_transcript_611	unassigned_transcript_611	CKV63_RS03050
NZ_LT906445.1	724684	724713	CCCGGGTGCCCTCCTCATAGTCTATGCTAT	42.060	99.337	298.675	0	0.154	3	-	unassigned_transcript_611	unassigned_transcript_611	CKV63_RS03050
NZ_LT906445.1	724756	724785	CCCGTTCGCTCGCCGCTACTAAGAAAATCT	42.030	100.000	300.000	0	0.287	3	-	unassigned_transcript_611	unassigned_transcript_611	CKV63_RS03050
NZ_LT906445.1	724807	724836	GATGACTGTCCTCAACCCCGGTGCGGTTGC	45.890	100.000	298.687	0	0.110	3	-	unassigned_transcript_611	unassigned_transcript_611	CKV63_RS03050
NZ_LT906445.1	724851	724880	GCGGCTGAGCTTTCCAGCTCCATTCTTCTA	42.010	97.571	283.021	0	0.044	3	-	unassigned_transcript_611	unassigned_transcript_611	CKV63_RS03050
NZ_LT906445.1	724936	724965	CTTCCCACAAGGTTTCACGTGTCTCGTGGT	42.130	88.752	273.913	0	0.108	3	-	unassigned_transcript_611	unassigned_transcript_611	CKV63_RS03050
NZ_LT906445.1	725000	725029	CCCTCACGGTACTATGCGCTATCGGTCGAT	42.470	99.306	295.621	0	0.193	3	-	unassigned_transcript_611	unassigned_transcript_611	CKV63_RS03050
NZ_LT906445.1	725030	725059	CACTCCCCGCCAGGGGTTCTTTTCACCTTT	43.930	99.086	298.172	0	0.095	3	-	unassigned_transcript_611	unassigned_transcript_611	CKV63_RS03050
NZ_LT906445.1	725111	725140	CATTCTTCAATAGGCACGCCGTCGTCCTGA	42.050	98.379	296.758	0	0.162	3	-	unassigned_transcript_611	unassigned_transcript_611	CKV63_RS03050
NZ_LT906445.1	725162	725191	GCGGCTCCATGTTTTCCACTTAACCTCGCT	42.690	100.000	300.000	0	0.410	3	-	unassigned_transcript_611	unassigned_transcript_611	CKV63_RS03050
NZ_LT906445.1	725192	725221	CTGAACGCCCTGTTCAGACTCGCTTTCGCT	43.900	100.000	300.000	0	0.114	3	-	unassigned_transcript_611	unassigned_transcript_611	CKV63_RS03050
NZ_LT906445.1	725282	725311	CGCTCACGAGTTCGGTCCTCCACACAATTT	42.320	98.185	296.371	0	0.305	3	-	unassigned_transcript_611	unassigned_transcript_611	CKV63_RS03050
NZ_LT906445.1	725355	725384	CGGGGAGAACCAGCTATCTCCGTGTTCGAT	42.680	98.471	295.746	0	0.209	3	-	unassigned_transcript_611	unassigned_transcript_611	CKV63_RS03050
NZ_LT906445.1	725414	725443	GCCCGATCAGTGCTCTACCGCCTATACTCT	42.200	99.551	299.102	0	0.321	3	-	unassigned_transcript_611	unassigned_transcript_611	CKV63_RS03050
NZ_LT906445.1	725444	725473	GACTAGGTTCGGTAACCGGTATGGCCCCTA	42.050	95.170	289.333	0	0.201	3	-	unassigned_transcript_611	unassigned_transcript_611	CKV63_RS03050
NZ_LT906445.1	725530	725559	CGGTGTTCTGGGCTGTTTCCCTCTTGACAA	42.270	100.000	300.000	0	0.383	3	-	unassigned_transcript_611	unassigned_transcript_611	CKV63_RS03050
NZ_LT906445.1	725611	725640	TGGCTGCTTCTAAGCCAACATCCTGGTTGT	42.070	100.000	300.000	0	0.160	3	-	unassigned_transcript_611	unassigned_transcript_611	CKV63_RS03050
NZ_LT906445.1	725658	725687	GGCGCAGAGTCTCTCGACCAGTGAGCTATT	42.760	100.000	300.000	0	0.169	3	-	unassigned_transcript_611	unassigned_transcript_611	CKV63_RS03050
NZ_LT906445.1	725741	725770	GCCCGATGAGAACGCTCCCCTACCCATATA	42.360	98.555	296.194	0	0.404	3	-	unassigned_transcript_611	unassigned_transcript_611	CKV63_RS03050
NZ_LT906445.1	725852	725881	TGCTCAGGAACCCTTAGGCTTTCGGTGGAA	42.950	98.286	295.467	0	0.169	3	-	unassigned_transcript_611	unassigned_transcript_611	CKV63_RS03050
NZ_LT906445.1	725882	725911	GGTCCCGACTTACCCTGAGACGACGATCGT	43.750	96.136	285.495	0	0.230	3	-	unassigned_transcript_611	unassigned_transcript_611	CKV63_RS03050
NZ_LT906445.1	725912	725941	CCATCGCCTACGCTTTTCCGCCTCGGCTTA	45.340	98.212	294.889	0	0.168	3	-	unassigned_transcript_611	unassigned_transcript_611	CKV63_RS03050
NZ_LT906445.1	725989	726018	TCGCGTGCTGACCTACCTTACTGTGTCACT	42.460	100.000	300.000	0	0.324	3	-	unassigned_transcript_611	unassigned_transcript_611	CKV63_RS03050
NZ_LT906445.1	726150	726179	CGGTTTTGGTACGGGCGATGTGTCTCTACC	42.200	98.956	296.848	0	0.456	3	-	unassigned_transcript_611	unassigned_transcript_611	CKV63_RS03050
NZ_LT906445.1	726180	726209	CCTTAGGATTCTCTCCCCGCCTACCTGTGT	42.090	98.399	294.572	0	0.231	3	-	unassigned_transcript_611	unassigned_transcript_611	CKV63_RS03050
NZ_LT906445.1	726210	726239	CGAGTTCCTTAACGAGGGTTTTCCCGCGCA	43.960	100.000	300.000	0	0.101	3	-	unassigned_transcript_611	unassigned_transcript_611	CKV63_RS03050
NZ_LT906445.1	726246	726275	AGTCCTCCTTTTCCCGAAGTTACGGAGGCA	42.510	99.368	298.737	0	0.256	3	-	unassigned_transcript_611	unassigned_transcript_611	CKV63_RS03050
NZ_LT906445.1	726278	726307	GCTCCAAGCGTTGCTGCTCTTCACACTACA	42.530	96.824	293.648	0	0.201	3	-	unassigned_transcript_611	unassigned_transcript_611	CKV63_RS03050
NZ_LT906445.1	726308	726337	GCTTGCGCCTCTCTTGTGCCACTCATTCAT	42.910	97.335	294.671	0	0.160	3	-	unassigned_transcript_611	unassigned_transcript_611	CKV63_RS03050
NZ_LT906445.1	726345	726374	TCGCTTTAGCAGGCACCTGTGTTTGTGGTA	42.060	100.000	300.000	0	0.290	3	-	unassigned_transcript_611	unassigned_transcript_611	CKV63_RS03050
NZ_LT906445.1	726376	726405	CGGGCAGGTGTCAGCACCTATACATCAGCT	43.140	98.349	296.698	0	0.164	3	-	unassigned_transcript_611	unassigned_transcript_611	CKV63_RS03050
NZ_LT906445.1	726420	726449	GAGCTTCGACCGAAGTCTAACCCCTCCTCT	42.080	100.000	299.018	0	0.280	3	-	unassigned_transcript_611	unassigned_transcript_611	CKV63_RS03050
NZ_LT906445.1	726450	726479	ACGGCCGCCGTTTACTGGGGCTTCAATTCA	45.640	99.265	298.529	0	0.257	3	-	unassigned_transcript_611	unassigned_transcript_611	CKV63_RS03050
NZ_LT906445.1	726504	726533	GCGGGTCGGAACTTACCCGACAAGGAATTT	42.310	100.000	298.901	0	0.144	3	-	unassigned_transcript_611	unassigned_transcript_611	CKV63_RS03050
NZ_LT906445.1	726534	726563	AGACAGTGCGCAAGTCGTTACACCTTTCGT	42.040	100.000	300.000	0	0.208	3	-	unassigned_transcript_611	unassigned_transcript_611	CKV63_RS03050
NZ_LT906445.1	726588	726617	TCGCGGGTAACCTGCATCTTCACAGGTACT	42.640	100.000	299.958	0	0.217	3	-	unassigned_transcript_611	unassigned_transcript_611	CKV63_RS03050
NZ_LT906445.1	726708	726737	CCAACAGCGACTCCCCTAAAACTAGCGTCC	42.070	100.000	300.000	0	0.343	3	-	unassigned_transcript_611	unassigned_transcript_611	CKV63_RS03050
NZ_LT906445.1	726758	726787	GCCGGTCGTTACTCGGCCCGTTAGAAATCA	43.460	100.000	299.669	0	0.212	3	-	unassigned_transcript_611	unassigned_transcript_611	CKV63_RS03050
NZ_LT906445.1	726788	726817	CCAGTCAAACTGCCCGCCTAAGACTGTCCG	43.860	100.000	300.000	0	0.240	3	-	unassigned_transcript_611	unassigned_transcript_611	CKV63_RS03050
NZ_LT906445.1	726818	726847	GCCTCCGTTACTCTTTTGGAGGCGACCGCC	45.660	96.341	292.681	0	0.156	3	-	unassigned_transcript_611	unassigned_transcript_611	CKV63_RS03050
NZ_LT906445.1	726848	726877	TTTCCGTCCGCTCTGAGGGAACCTTTGGGC	45.280	99.368	298.735	0	0.196	3	-	unassigned_transcript_611	unassigned_transcript_611	CKV63_RS03050
NZ_LT906445.1	726879	726908	GCTCCCTTCTGCCTTTACACTCTTCGAGCG	42.210	100.000	300.000	0	0.218	3	-	unassigned_transcript_611	unassigned_transcript_611	CKV63_RS03050
NZ_LT906445.1	726909	726938	CCCTGCTCGACCTGTCCGTCTCGCAGTCAA	46.080	96.993	293.986	0	0.292	3	-	unassigned_transcript_611	unassigned_transcript_611	CKV63_RS03050
NZ_LT906445.1	726939	726968	CACCACCGGATCACTAAGCCCGACTTTCGT	43.320	98.935	297.206	0	0.203	3	-	unassigned_transcript_611	unassigned_transcript_611	CKV63_RS03050
NZ_LT906445.1	726969	726998	TATCCGTTGAGCGATGGCCCTTCCACTCGG	44.730	98.636	296.948	0	0.197	3	-	unassigned_transcript_611	unassigned_transcript_611	CKV63_RS03050
NZ_LT906445.1	727027	727056	CCTCCCCGTCGATATGGACTCTTGGGAGAG	42.230	99.277	293.524	0	0.235	3	-	unassigned_transcript_611	unassigned_transcript_611	CKV63_RS03050
NZ_LT906445.1	727057	727086	GATGTGATGAGCCGACATCGAGGTGCCAAA	42.320	100.000	300.000	0	0.280	3	-	unassigned_transcript_611	unassigned_transcript_611	CKV63_RS03050
NZ_LT906445.1	727087	727116	CCGAACCCTTGGGACCTACTTCAGCCCCAG	44.860	100.000	298.796	0	0.268	3	-	unassigned_transcript_611	unassigned_transcript_611	CKV63_RS03050
NZ_LT906445.1	727120	727149	CCCAGCTCACGTACCACTTTAATCGGCGAA	42.040	98.564	297.129	0	0.387	3	-	unassigned_transcript_611	unassigned_transcript_611	CKV63_RS03050
NZ_LT906445.1	727150	727179	AGGGACCGAACTGTCTCACGACGTTCTGAA	42.410	93.554	273.417	0	0.181	3	-	unassigned_transcript_611	unassigned_transcript_611	CKV63_RS03050
NZ_LT906445.1	727180	727209	CCCTTCAAGTTTCTTGCGCCCGCGATGGAT	44.560	100.000	300.000	0	0.203	3	-	unassigned_transcript_611	unassigned_transcript_611	CKV63_RS03050
NZ_LT906445.1	727210	727239	CACTCCGGTCCTCTCGTACTAGGAGCAGCC	43.860	99.615	298.538	0	0.215	3	-	unassigned_transcript_611	unassigned_transcript_611	CKV63_RS03050
NZ_LT906445.1	727241	727270	GGCAGGATAATTGGTACACCAGCGGTTCGT	42.190	100.000	298.643	0	0.244	3	-	unassigned_transcript_611	unassigned_transcript_611	CKV63_RS03050
NZ_LT906445.1	727271	727300	TCCCGAACGTAGCTACCCAACTGTACCCTT	42.100	98.083	293.936	0	0.341	3	-	unassigned_transcript_611	unassigned_transcript_611	CKV63_RS03050
NZ_LT906445.1	727390	727419	CGGCTCTTCCACACCTGGCCTATCTACCAT	42.680	97.747	295.212	0	0.340	3	-	unassigned_transcript_611	unassigned_transcript_611	CKV63_RS03050
NZ_LT906445.1	727685	727714	AGGTGGATCCTCATAGCCATCGCCACTGAA	42.520	97.718	295.435	0	0.223	3	-	unassigned_transcript_612	unassigned_transcript_612	CKV63_RS03055
NZ_LT906445.1	727747	727776	GCCGTCTCCAGCCAAGTACTTTCGGCGTTT	44.170	100.000	300.000	0	0.270	3	-	unassigned_transcript_612	unassigned_transcript_612	CKV63_RS03055
NZ_LT906445.1	728670	728699	AGCTCGCATTCTACCAATGAACTACGCCCG	42.110	100.000	0.000	0	0.423	0	+	unassigned_transcript_614	unassigned_transcript_614	CKV63_RS03065
NZ_LT906445.1	965184	965213	CCGTGACAGGGCGACATGTTAACCGCTACA	43.610	98.727	98.727	0	0.350	2	-	unassigned_transcript_834	unassigned_transcript_834	CKV63_RS04185
NZ_LT906445.1	965220	965249	TGGCGACCCCGATCAGATTTGAACTGACGA	42.980	100.000	100.000	0	0.282	2	-	unassigned_transcript_834	unassigned_transcript_834	CKV63_RS04185
NZ_LT906445.1	965301	965330	TGGTGCCTCAGGACAGAATCGAACTGTCGA	42.550	100.000	100.000	0	0.203	2	-	unassigned_transcript_835	unassigned_transcript_835	CKV63_RS04190
NZ_LT906445.1	965379	965408	GCGGGAAACGAGATTCGAACTCGCGACCCC	45.660	96.236	195.379	0	0.262	0	-	unassigned_transcript_836	unassigned_transcript_836	CKV63_RS04195
NZ_LT906445.1	965462	965491	GCGGCACCCAGAATCGAACTGGGGAATAAA	42.440	100.000	0.000	0	0.339	0	-	unassigned_transcript_837	unassigned_transcript_837	CKV63_RS04200
NZ_LT906445.1	965525	965554	ACGGATTTTAAGTCCGTTGCGTCTGCCTGT	42.210	99.067	0.000	0	0.180	0	-	unassigned_transcript_838	unassigned_transcript_838	CKV63_RS04205
NZ_LT906445.1	965558	965587	CCGGAATCGAACCGGTACGGTTGTTTCCAA	42.370	98.310	0.000	0	0.056	0	-	unassigned_transcript_838	unassigned_transcript_838	CKV63_RS04205
NZ_LT906445.1	1166134	1166163	TCGCTCACAGACAAGCTACACAACCCCAGT	42.940	100.000	0.000	0	0.385	0	+	unassigned_transcript_1021	unassigned_transcript_1021	CKV63_RS05115
NZ_LT906445.1	1166300	1166329	TGTTTTCCCACCGTTTAACGGCCTCATGGA	42.160	100.000	0.000	0	0.163	0	+	unassigned_transcript_1021	unassigned_transcript_1021	CKV63_RS05115
NZ_LT906445.1	1166330	1166359	ACGCCGACTCGCTATCTATACCACACGCAC	43.030	98.994	0.000	0	0.452	0	+	unassigned_transcript_1021	unassigned_transcript_1021	CKV63_RS05115
NZ_LT906445.1	1210325	1210354	TGGGACTTGAACCCACACGGTGTTACCCGC	45.350	95.012	0.000	0	0.132	0	+	unassigned_transcript_1066	unassigned_transcript_1066	CKV63_RS05340
NZ_LT906445.1	1210359	1210388	TTTTGAGTCAAGTGCGTCTGCCATTCCGCC	43.150	100.000	0.000	0	0.322	0	+	unassigned_transcript_1066	unassigned_transcript_1066	CKV63_RS05340
NZ_LT906445.1	1360591	1360620	AATAAGCCGAGTTCTGTTCCACTTGCGCGG	42.770	100.000	0.000	0	0.412	0	+	unassigned_transcript_1207	unassigned_transcript_1207	CKV63_RS06050
NZ_LT906445.1	1360629	1360658	ATCTTTCTAGGCGTACAGTCGCCTGCACGC	43.620	100.000	0.000	0	0.123	0	+	unassigned_transcript_1207	unassigned_transcript_1207	CKV63_RS06050
NZ_LT906445.1	1360661	1360690	GAGCGACACAACCCGGAAGGTAGGCGGGAC	46.730	99.292	0.000	0	0.137	0	+	unassigned_transcript_1207	unassigned_transcript_1207	CKV63_RS06050
NZ_LT906445.1	1360697	1360726	TAACCCTTCCCTATTCGGTCTTGCTCCGGA	42.050	95.560	0.000	0	0.350	0	+	unassigned_transcript_1207	unassigned_transcript_1207	CKV63_RS06050
NZ_LT906445.1	1360727	1360756	TGGGGTTTACCGAGCCAGCCTGTTACCAGA	44.260	100.000	0.000	0	0.276	0	+	unassigned_transcript_1207	unassigned_transcript_1207	CKV63_RS06050
NZ_LT906445.1	1360761	1360790	TGGTGAGCTCTTACCTCACCTTTCCACCCT	42.220	100.000	0.000	0	0.315	0	+	unassigned_transcript_1207	unassigned_transcript_1207	CKV63_RS06050
NZ_LT906445.1	1360819	1360848	ATGGCACTTTCCCTAAGGTTACCCTCGCCA	42.880	99.903	0.000	0	0.211	0	+	unassigned_transcript_1207	unassigned_transcript_1207	CKV63_RS06050
NZ_LT906445.1	1360850	1360879	ACGTTATCTGGCATCCTGCCCTATGGAGCT	42.580	100.000	0.000	0	0.177	0	+	unassigned_transcript_1207	unassigned_transcript_1207	CKV63_RS06050
NZ_LT906445.1	1363037	1363066	AACCAGGGACCGACCGGTTATGAGCCGGTT	46.080	95.873	0.000	0	0.072	0	+	unassigned_transcript_1210	unassigned_transcript_1210	CKV63_RS06065
NZ_LT906445.1	1382143	1382172	AAAAGCCCCACCATGCCGTAATGTACCGCG	44.570	100.000	0.000	0	0.405	0	+	unassigned_transcript_1226	unassigned_transcript_1226	CKV63_RS06145
NZ_LT906445.1	1382173	1382202	TTTTGATCCTGCAAGGGCAGGTGGGTGTCC	44.170	99.177	0.000	0	0.118	0	+	unassigned_transcript_1226	unassigned_transcript_1226	CKV63_RS06145
NZ_LT906445.1	1382203	1382232	TCCTCATCCTGCAATTGTCCCGTAAGGGCG	43.530	100.000	0.000	0	0.078	0	+	unassigned_transcript_1226	unassigned_transcript_1226	CKV63_RS06145
NZ_LT906445.1	1382280	1382309	AAACTGCGATATCACACGCACATGGCAGGG	42.910	99.179	0.000	0	0.264	0	+	unassigned_transcript_1226	unassigned_transcript_1226	CKV63_RS06145
NZ_LT906445.1	1469440	1469469	CCCTGATTAAGAGTCAGGTGCTCTGCCAGC	42.040	97.109	0.000	0	0.233	0	+	unassigned_transcript_1304	unassigned_transcript_1304	CKV63_RS06535
NZ_LT906445.1	1504968	1504997	GTTCCGGAGACCGGCGCTCTATCCCCTGAG	45.960	100.000	0.000	0	0.151	0	+	unassigned_transcript_1342	unassigned_transcript_1342	CKV63_RS06725
NZ_LT906445.1	1558292	1558321	CCCCACGCCGTAAGGCGCCAGATCCTAAGT	46.400	97.247	0.000	0	0.015	0	+	unassigned_transcript_1386	unassigned_transcript_1386	CKV63_RS06935
NZ_LT906445.1	1567942	1567971	ATCAGCAGCTTCCTATCCTCCCAGGCCGTC	44.380	97.507	296.763	0	0.280	2	+	unassigned_transcript_1395	unassigned_transcript_1395	CKV63_RS06980
NZ_LT906445.1	1568021	1568050	TGGGAACAGGTGGATCCTCATAGCCATCGC	43.080	99.083	296.725	0	0.159	0	+	unassigned_transcript_1395	unassigned_transcript_1395	CKV63_RS06980
NZ_LT906445.1	1568299	1568328	TAGTACCAGTCAGCTCCAAACCTCACGGCT	42.280	100.000	299.845	0	0.357	0	+	unassigned_transcript_1396	unassigned_transcript_1396	CKV63_RS06985
NZ_LT906445.1	1568423	1568452	ATGCTTTCAGCGTTTATCCGTCCCGAACGT	42.230	100.000	300.000	0	0.277	0	+	unassigned_transcript_1396	unassigned_transcript_1396	CKV63_RS06985
NZ_LT906445.1	1568467	1568496	ACCCTTGGCAGGATAATTGGTACACCAGCG	42.120	100.000	298.767	0	0.145	0	+	unassigned_transcript_1396	unassigned_transcript_1396	CKV63_RS06985
NZ_LT906445.1	1568497	1568526	GTTCGTCCACTCCGGTCCTCTCGTACTAGG	42.110	97.860	272.091	0	0.427	0	+	unassigned_transcript_1396	unassigned_transcript_1396	CKV63_RS06985
NZ_LT906445.1	1568533	1568562	CCCCTTCAAGTTTCTTGCGCCCGCGATGGA	45.960	100.000	297.617	0	0.222	0	+	unassigned_transcript_1396	unassigned_transcript_1396	CKV63_RS06985
NZ_LT906445.1	1568564	1568593	AGGGACCGAACTGTCTCACGACGTTCTGAA	42.410	86.309	280.662	0	0.207	0	+	unassigned_transcript_1396	unassigned_transcript_1396	CKV63_RS06985
NZ_LT906445.1	1568594	1568623	CCCAGCTCACGTACCACTTTAATCGGCGAA	42.040	100.000	295.693	0	0.446	0	+	unassigned_transcript_1396	unassigned_transcript_1396	CKV63_RS06985
NZ_LT906445.1	1568624	1568653	CAGCCGAACCCTTGGGACCTACTTCAGCCC	45.180	100.000	300.000	0	0.212	0	+	unassigned_transcript_1396	unassigned_transcript_1396	CKV63_RS06985
NZ_LT906445.1	1568654	1568683	CAGGATGTGATGAGCCGACATCGAGGTGCC	43.790	99.017	300.000	0	0.246	0	+	unassigned_transcript_1396	unassigned_transcript_1396	CKV63_RS06985
NZ_LT906445.1	1568684	1568713	AAACCTCCCCGTCGATATGGACTCTTGGGA	42.070	96.511	290.832	0	0.276	0	+	unassigned_transcript_1396	unassigned_transcript_1396	CKV63_RS06985
NZ_LT906445.1	1568729	1568758	TCCCCAGGGTAGCTTTTATCCGTTGAGCGA	42.580	100.000	298.023	0	0.269	0	+	unassigned_transcript_1396	unassigned_transcript_1396	CKV63_RS06985
NZ_LT906445.1	1568761	1568790	GCCCTTCCACTCGGCACCACCGGATCACTA	46.210	100.000	294.450	0	0.201	0	+	unassigned_transcript_1396	unassigned_transcript_1396	CKV63_RS06985
NZ_LT906445.1	1568791	1568820	AGCCCGACTTTCGTCCCTGCTCGACCTGTC	46.170	100.000	292.273	0	0.311	0	+	unassigned_transcript_1396	unassigned_transcript_1396	CKV63_RS06985
NZ_LT906445.1	1568821	1568850	CGTCTCGCAGTCAAGCTCCCTTCTGCCTTT	43.670	100.000	298.643	0	0.270	0	+	unassigned_transcript_1396	unassigned_transcript_1396	CKV63_RS06985
NZ_LT906445.1	1568851	1568880	ACACTCTTCGAGCGATTTCCGTCCGCTCTG	43.340	100.000	300.000	0	0.177	0	+	unassigned_transcript_1396	unassigned_transcript_1396	CKV63_RS06985
NZ_LT906445.1	1568881	1568910	AGGGAACCTTTGGGCGCCTCCGTTACTCTT	44.640	100.000	296.872	0	0.111	0	+	unassigned_transcript_1396	unassigned_transcript_1396	CKV63_RS06985
NZ_LT906445.1	1568919	1568948	GACCGCCCCAGTCAAACTGCCCGCCTAAGA	46.740	98.646	300.000	0	0.331	0	+	unassigned_transcript_1396	unassigned_transcript_1396	CKV63_RS06985
NZ_LT906445.1	1568953	1568982	CCGGCCGGTCGTTACTCGGCCCGTTAGAAA	46.480	98.560	291.205	0	0.126	0	+	unassigned_transcript_1396	unassigned_transcript_1396	CKV63_RS06985
NZ_LT906445.1	1568991	1569020	TGAAAGGGTGGTATCCCAACAGCGACTCCC	43.160	98.752	298.667	0	0.220	0	+	unassigned_transcript_1396	unassigned_transcript_1396	CKV63_RS06985
NZ_LT906445.1	1569100	1569129	AAGCTCCATGGGGTCTTTCTGTCCAGTCGC	43.480	100.000	299.515	0	0.371	0	+	unassigned_transcript_1396	unassigned_transcript_1396	CKV63_RS06985
NZ_LT906445.1	1569159	1569188	ATTTCACCGGGTCCCTCGTTGAGACAGTGC	43.550	100.000	300.000	0	0.280	0	+	unassigned_transcript_1396	unassigned_transcript_1396	CKV63_RS06985
NZ_LT906445.1	1569189	1569218	GCAAGTCGTTACACCTTTCGTGCGGGTCGG	44.530	99.696	291.175	0	0.235	0	+	unassigned_transcript_1396	unassigned_transcript_1396	CKV63_RS06985
NZ_LT906445.1	1569244	1569273	ACCTTAGGACCGTTATAGTTACGGCCGCCG	42.820	100.000	294.759	0	0.265	0	+	unassigned_transcript_1396	unassigned_transcript_1396	CKV63_RS06985
NZ_LT906445.1	1569277	1569306	ACTGGGGCTTCAATTCAGAGCTTCGACCGA	43.050	100.000	300.000	0	0.370	0	+	unassigned_transcript_1396	unassigned_transcript_1396	CKV63_RS06985
NZ_LT906445.1	1569311	1569340	TAACCCCTCCTCTTAACCTTCCAGCACCGG	42.630	100.000	300.000	0	0.500	0	+	unassigned_transcript_1396	unassigned_transcript_1396	CKV63_RS06985
NZ_LT906445.1	1569359	1569388	ACATCAGCTTTCGCTTTAGCAGGCACCTGT	42.340	100.000	300.000	0	0.206	0	+	unassigned_transcript_1396	unassigned_transcript_1396	CKV63_RS06985
NZ_LT906445.1	1569390	1569419	TTTGTGGTAAACAGTCGCTTGCGCCTCTCT	42.180	100.000	300.000	0	0.209	0	+	unassigned_transcript_1396	unassigned_transcript_1396	CKV63_RS06985
NZ_LT906445.1	1569420	1569449	TGTGCCACTCATTCATGCTCCAAGCGTTGC	43.400	99.942	288.067	0	0.246	0	+	unassigned_transcript_1396	unassigned_transcript_1396	CKV63_RS06985
NZ_LT906445.1	1569468	1569497	AGTCCTCCTTTTCCCGAAGTTACGGAGGCA	42.510	100.000	298.105	0	0.239	0	+	unassigned_transcript_1396	unassigned_transcript_1396	CKV63_RS06985
NZ_LT906445.1	1569500	1569529	TTGCCGAGTTCCTTAACGAGGGTTTTCCCG	42.250	100.000	289.151	0	0.181	0	+	unassigned_transcript_1396	unassigned_transcript_1396	CKV63_RS06985
NZ_LT906445.1	1569530	1569559	CGCACCTTAGGATTCTCTCCCCGCCTACCT	43.930	100.000	297.113	0	0.327	0	+	unassigned_transcript_1396	unassigned_transcript_1396	CKV63_RS06985
NZ_LT906445.1	1569560	1569589	GTGTCGGTTTTGGTACGGGCGATGTGTCTC	42.660	98.476	296.461	0	0.476	0	+	unassigned_transcript_1396	unassigned_transcript_1396	CKV63_RS06985
NZ_LT906445.1	1569701	1569730	ACCTGCTTAAACACGCTCTTCCAATCGCGT	42.390	100.000	300.000	0	0.331	0	+	unassigned_transcript_1396	unassigned_transcript_1396	CKV63_RS06985
NZ_LT906445.1	1569792	1569821	AACCTGTTGTCCATCGCCTACGCTTTTCCG	42.600	100.000	300.000	0	0.266	0	+	unassigned_transcript_1396	unassigned_transcript_1396	CKV63_RS06985
NZ_LT906445.1	1569822	1569851	CCTCGGCTTAGGTCCCGACTTACCCTGAGA	43.440	97.703	292.651	0	0.309	0	+	unassigned_transcript_1396	unassigned_transcript_1396	CKV63_RS06985
NZ_LT906445.1	1569852	1569881	CGACGATCGTTGCTCAGGAACCCTTAGGCT	43.150	99.719	300.000	0	0.178	0	+	unassigned_transcript_1396	unassigned_transcript_1396	CKV63_RS06985
NZ_LT906445.1	1569947	1569976	CCACAACTCCTTACGGTACTGCTTCAGCCC	42.100	100.000	293.991	0	0.286	0	+	unassigned_transcript_1396	unassigned_transcript_1396	CKV63_RS06985
NZ_LT906445.1	1570031	1570060	TTACACTTTAGCCCCGGACATTTTCGGCGC	42.850	97.757	296.670	0	0.345	0	+	unassigned_transcript_1396	unassigned_transcript_1396	CKV63_RS06985
NZ_LT906445.1	1570099	1570128	ATGGTGGCTGCTTCTAAGCCAACATCCTGG	42.360	99.513	295.062	0	0.076	0	+	unassigned_transcript_1396	unassigned_transcript_1396	CKV63_RS06985
NZ_LT906445.1	1570167	1570196	ACATTGGGGACCTTAGTCGGTGTTCTGGGC	43.350	100.000	272.659	0	0.214	0	+	unassigned_transcript_1396	unassigned_transcript_1396	CKV63_RS06985
NZ_LT906445.1	1570268	1570297	TTGACTAGGTTCGGTAACCGGTATGGCCCC	42.780	98.033	286.928	0	0.215	0	+	unassigned_transcript_1396	unassigned_transcript_1396	CKV63_RS06985
NZ_LT906445.1	1570299	1570328	AGCCCGATCAGTGCTCTACCGCCTATACTC	42.200	100.000	300.000	0	0.390	0	+	unassigned_transcript_1396	unassigned_transcript_1396	CKV63_RS06985
NZ_LT906445.1	1570335	1570364	TCGAGGCTAGCCCTAAAGCTATTTCGGGGA	42.090	100.000	300.000	0	0.179	0	+	unassigned_transcript_1396	unassigned_transcript_1396	CKV63_RS06985
NZ_LT906445.1	1570421	1570450	AAGCTTTTCAACGCTCACGAGTTCGGTCCT	42.120	98.641	300.000	0	0.179	0	+	unassigned_transcript_1396	unassigned_transcript_1396	CKV63_RS06985
NZ_LT906445.1	1570520	1570549	AACTGAACGCCCTGTTCAGACTCGCTTTCG	42.450	100.000	300.000	0	0.129	0	+	unassigned_transcript_1396	unassigned_transcript_1396	CKV63_RS06985
NZ_LT906445.1	1570551	1570580	TGCGGCTCCATGTTTTCCACTTAACCTCGC	42.840	100.000	300.000	0	0.443	0	+	unassigned_transcript_1396	unassigned_transcript_1396	CKV63_RS06985
NZ_LT906445.1	1570594	1570623	TCGTCGGTTCATTCTTCAATAGGCACGCCG	42.360	100.000	300.000	0	0.389	0	+	unassigned_transcript_1396	unassigned_transcript_1396	CKV63_RS06985
NZ_LT906445.1	1570665	1570694	ACGGTTTCAGGTTCTCTTTCACTCCCCGCC	43.560	100.000	296.109	0	0.419	0	+	unassigned_transcript_1396	unassigned_transcript_1396	CKV63_RS06985
NZ_LT906445.1	1570712	1570741	TTCCCTCACGGTACTATGCGCTATCGGTCG	42.580	97.034	300.000	0	0.335	0	+	unassigned_transcript_1396	unassigned_transcript_1396	CKV63_RS06985
NZ_LT906445.1	1570772	1570801	CCCCTGCTTCCCACAAGGTTTCACGTGTCT	43.790	100.000	297.472	0	0.246	0	+	unassigned_transcript_1396	unassigned_transcript_1396	CKV63_RS06985
NZ_LT906445.1	1570838	1570867	TTCGATTACAGGGCTTTCACCTTCTGCGGC	42.500	100.000	297.323	0	0.328	0	+	unassigned_transcript_1396	unassigned_transcript_1396	CKV63_RS06985
NZ_LT906445.1	1570901	1570930	ACACTTGATGACTGTCCTCAACCCCGGTGC	43.590	99.996	290.132	0	0.271	0	+	unassigned_transcript_1396	unassigned_transcript_1396	CKV63_RS06985
NZ_LT906445.1	1570939	1570968	GCTCCGGTTTGGCCTCTTTCCCGTTCGCTC	46.030	100.000	294.825	0	0.473	0	+	unassigned_transcript_1396	unassigned_transcript_1396	CKV63_RS06985
NZ_LT906445.1	1571014	1571043	TTAGATGTTTCAGTTCCCCGGGTGCCCTCC	43.220	100.000	298.073	0	0.357	0	+	unassigned_transcript_1396	unassigned_transcript_1396	CKV63_RS06985
NZ_LT906445.1	1571058	1571087	ATAGGTGACAGTGCATAACCACTGCCGGGT	42.990	100.000	290.213	0	0.243	0	+	unassigned_transcript_1396	unassigned_transcript_1396	CKV63_RS06985
NZ_LT906445.1	1571102	1571131	ATCTACGGGTCACAGGTTGCTTGCACCTCT	42.900	100.000	298.603	0	0.260	0	+	unassigned_transcript_1396	unassigned_transcript_1396	CKV63_RS06985
NZ_LT906445.1	1571132	1571161	CCGTAGCTTATCGCAGCTTACCGCGTCCTT	43.460	99.094	300.000	0	0.203	0	+	unassigned_transcript_1396	unassigned_transcript_1396	CKV63_RS06985
NZ_LT906445.1	1571162	1571191	CTTCGGCTGATATCGCCAAGGCATCCACCG	44.200	98.791	292.388	0	0.323	0	+	unassigned_transcript_1396	unassigned_transcript_1396	CKV63_RS06985
NZ_LT906445.1	1571575	1571604	TGGAGACGAGGAGATTCGAACTCCTGACCC	42.070	95.335	96.961	0	0.215	0	+	unassigned_transcript_1397	unassigned_transcript_1397	CKV63_RS06990
NZ_LT906445.1	1571605	1571634	CCTGCTTGCAAGGCAGGTGCTCTCCCAACT	45.740	98.778	97.242	0	0.186	0	+	unassigned_transcript_1397	unassigned_transcript_1397	CKV63_RS06990
NZ_LT906445.1	1571684	1571713	CCGACCTCACGCTTATCAGGCGTGCGCTCT	46.620	100.000	97.259	0	0.185	0	+	unassigned_transcript_1398	unassigned_transcript_1398	CKV63_RS06995
NZ_LT906445.1	1571919	1571948	ATCGACTTTACCTTAGACGGCTGGCTCCCG	42.840	100.000	296.433	0	0.298	0	+	unassigned_transcript_1399	unassigned_transcript_1399	CKV63_RS07000
NZ_LT906445.1	1571949	1571978	AAGGTTACCCCACCGGCTTTGGGCACTTCC	45.650	99.369	299.241	0	0.168	0	+	unassigned_transcript_1399	unassigned_transcript_1399	CKV63_RS07000
NZ_LT906445.1	1571979	1572008	GACTTTCGTGGTGTGACGGGCGGTGTGTAC	44.160	99.127	300.000	0	0.339	0	+	unassigned_transcript_1399	unassigned_transcript_1399	CKV63_RS07000
NZ_LT906445.1	1572009	1572038	AAGGCCCGGGAACGTATTCACCGCAGTATG	43.650	98.936	296.062	0	0.168	0	+	unassigned_transcript_1399	unassigned_transcript_1399	CKV63_RS07000
NZ_LT906445.1	1572052	1572081	ACTAGCGATTCCGACTTCACGTAGGCGAGT	42.290	96.360	300.000	0	0.194	0	+	unassigned_transcript_1399	unassigned_transcript_1399	CKV63_RS07000
NZ_LT906445.1	1572082	1572111	TGCAGCCTACGATCCGAACTGAGAGAGTGT	42.190	99.154	300.000	0	0.256	0	+	unassigned_transcript_1399	unassigned_transcript_1399	CKV63_RS07000
NZ_LT906445.1	1572112	1572141	TTCTCGGGTTTGCTCCATCTCGCGATCTCG	43.270	99.331	288.057	0	0.433	0	+	unassigned_transcript_1399	unassigned_transcript_1399	CKV63_RS07000
NZ_LT906445.1	1572166	1572195	AGTACGTGTGTAGCCCAGGTCATAAGGGGC	42.770	100.000	300.000	0	0.263	0	+	unassigned_transcript_1399	unassigned_transcript_1399	CKV63_RS07000
NZ_LT906445.1	1572198	1572227	GATGATTTGACGTCATCCCCGCCTTCCTCC	42.260	99.349	300.000	0	0.420	0	+	unassigned_transcript_1399	unassigned_transcript_1399	CKV63_RS07000
NZ_LT906445.1	1572231	1572260	TTGTCTGCGGCAGTCTCTCATGAGTTCCCA	42.820	100.000	287.918	0	0.343	0	+	unassigned_transcript_1399	unassigned_transcript_1399	CKV63_RS07000
NZ_LT906445.1	1572266	1572295	ACGTGCTGGCAACATAAGATAGGGGTTGCG	42.550	97.349	283.564	0	0.237	0	+	unassigned_transcript_1399	unassigned_transcript_1399	CKV63_RS07000
NZ_LT906445.1	1572297	1572326	TCGTTGCGGGACTTAACCCAACATCTCACG	42.170	98.558	290.287	0	0.330	0	+	unassigned_transcript_1399	unassigned_transcript_1399	CKV63_RS07000
NZ_LT906445.1	1572327	1572356	ACACGAGCTGACGACAACCGTGCACCACCT	46.570	99.749	297.493	0	0.217	0	+	unassigned_transcript_1399	unassigned_transcript_1399	CKV63_RS07000
NZ_LT906445.1	1572408	1572437	TCAAGACCTGGTAAGGTTCTTCGCGTTGCG	42.300	99.915	299.023	0	0.141	0	+	unassigned_transcript_1399	unassigned_transcript_1399	CKV63_RS07000
NZ_LT906445.1	1572443	1572472	TTAAACCACATACTCCACCGCTTGTGCGGG	42.480	100.000	294.357	0	0.118	0	+	unassigned_transcript_1399	unassigned_transcript_1399	CKV63_RS07000
NZ_LT906445.1	1572488	1572517	TTGAGTTTCAACCTTGCGGTCGTACTCCCC	42.030	100.000	296.886	0	0.232	0	+	unassigned_transcript_1399	unassigned_transcript_1399	CKV63_RS07000
NZ_LT906445.1	1572518	1572547	AGGCGGGGTACTTATTGCGTTAACTCCGGC	43.630	100.000	296.971	0	0.384	0	+	unassigned_transcript_1399	unassigned_transcript_1399	CKV63_RS07000
NZ_LT906445.1	1572570	1572599	ACACCTAGTACCCATCGTTTACGGCCAGGA	42.150	99.114	297.559	0	0.291	0	+	unassigned_transcript_1399	unassigned_transcript_1399	CKV63_RS07000
NZ_LT906445.1	1572600	1572629	CTACCGGGGTATCTAATCCCGTTCGCTCCC	42.620	95.528	289.026	0	0.279	0	+	unassigned_transcript_1399	unassigned_transcript_1399	CKV63_RS07000
NZ_LT906445.1	1572630	1572659	CTGGCTTTCGCGCCTCAGCGTCAGTTTTCG	45.050	100.000	297.122	0	0.237	0	+	unassigned_transcript_1399	unassigned_transcript_1399	CKV63_RS07000
NZ_LT906445.1	1572660	1572689	TCCAGAAAGTCGCCTTCGCCACTGGTGTTC	43.820	100.000	300.000	0	0.218	0	+	unassigned_transcript_1399	unassigned_transcript_1399	CKV63_RS07000
NZ_LT906445.1	1572750	1572779	TAGATCAGCAGTTTCCATCCCCTCACGGGG	42.690	99.152	281.565	0	0.149	0	+	unassigned_transcript_1399	unassigned_transcript_1399	CKV63_RS07000
NZ_LT906445.1	1572794	1572823	TTTAAGACAGACTGACTGATCCGCCTGCGC	42.030	99.668	287.263	0	0.243	0	+	unassigned_transcript_1399	unassigned_transcript_1399	CKV63_RS07000
NZ_LT906445.1	1572824	1572853	GCGCTTTACGCCCAATAATTCCGGACAACG	42.090	97.606	298.610	0	0.219	0	+	unassigned_transcript_1399	unassigned_transcript_1399	CKV63_RS07000
NZ_LT906445.1	1572854	1572883	CTTGCCACCTACGTATTACCGCGGCTGCTG	44.210	99.429	298.784	0	0.352	0	+	unassigned_transcript_1399	unassigned_transcript_1399	CKV63_RS07000
NZ_LT906445.1	1572893	1572922	TAGCCGTGGCTTTCTATTCCGGTACCGTCA	42.460	99.476	298.878	0	0.328	0	+	unassigned_transcript_1399	unassigned_transcript_1399	CKV63_RS07000
NZ_LT906445.1	1572930	1572959	TAACTGTTCGCAAGAAGGCCTTTCGTCCCG	42.360	100.000	291.979	0	0.147	0	+	unassigned_transcript_1399	unassigned_transcript_1399	CKV63_RS07000
NZ_LT906445.1	1572964	1572993	ACAGAGCTTTACAACCCGAAGGCCGTCATC	42.100	99.874	300.000	0	0.170	0	+	unassigned_transcript_1399	unassigned_transcript_1399	CKV63_RS07000
NZ_LT906445.1	1572994	1573023	ACTCACGCGGCGTTGCTCCGTCAGACTTTC	45.560	100.000	298.452	0	0.193	0	+	unassigned_transcript_1399	unassigned_transcript_1399	CKV63_RS07000
NZ_LT906445.1	1573024	1573053	GTCCATTGCGGAAGATTCCCCACTGCTGCC	44.660	98.153	297.007	0	0.202	0	+	unassigned_transcript_1399	unassigned_transcript_1399	CKV63_RS07000
NZ_LT906445.1	1573054	1573083	TCCCGTAGGAGTCTGGGCCGTGTCTCAGTC	45.160	98.336	296.279	0	0.168	0	+	unassigned_transcript_1399	unassigned_transcript_1399	CKV63_RS07000
NZ_LT906445.1	1573084	1573113	CCAATGTGGCCGTTCATCCTCTCAGACCGG	43.820	100.000	296.080	0	0.317	0	+	unassigned_transcript_1399	unassigned_transcript_1399	CKV63_RS07000
NZ_LT906445.1	1573114	1573143	CTACTGATCATCGCCTTGGTGGGCCGTTAC	42.170	98.561	300.000	0	0.354	0	+	unassigned_transcript_1399	unassigned_transcript_1399	CKV63_RS07000
NZ_LT906445.1	1573199	1573228	GAGGCCACCTTTCATCTTTCCTCGATGCCG	42.570	100.000	200.000	0	0.285	0	+	unassigned_transcript_1399	unassigned_transcript_1399	CKV63_RS07000
NZ_LT906445.1	1573274	1573303	CCCCTCTGAAGGGCAGGTTGATTACGCGTT	43.670	100.000	300.000	0	0.219	0	+	unassigned_transcript_1399	unassigned_transcript_1399	CKV63_RS07000
NZ_LT906445.1	1573337	1573366	AAGCTTCCATCGCTCTTCGTTCGACTTGCA	42.160	100.000	294.261	0	0.323	0	+	unassigned_transcript_1399	unassigned_transcript_1399	CKV63_RS07000
NZ_LT906445.1	1573368	1573397	GTGTTAAGCACGCCGCCAGCGTTCGTCCTG	46.440	98.826	294.054	0	0.069	0	+	unassigned_transcript_1399	unassigned_transcript_1399	CKV63_RS07000
NZ_LT906445.1	1573799	1573828	AGTCAGGTGCTCTGCCAACTGAGCTAGTGA	42.450	99.059	99.059	0	0.184	2	+	unassigned_transcript_1400	unassigned_transcript_1400	CKV63_RS07005
NZ_LT906445.1	1573859	1573888	CCAGCGCATAACGGAGTCAAAGTCCGTTGC	43.240	100.000	0.000	0	0.071	0	+	unassigned_transcript_1401	unassigned_transcript_1401	CKV63_RS07010
NZ_LT906445.1	1573963	1573992	GCGTAACGGAGCCACAATCCGCCGTGTTAA	44.300	100.000	0.000	0	0.198	0	+	unassigned_transcript_1402	unassigned_transcript_1402	CKV63_RS07015
NZ_LT906445.1	1671260	1671289	GACATCCTGCTTGTAAGGCAGGCGCTCTCC	43.990	99.515	197.810	0	0.177	2	+	unassigned_transcript_1488	unassigned_transcript_1488	CKV63_RS07445
NZ_LT906445.1	1671323	1671352	CGGGAATCGAACCCGGGATACCGCCGTGAA	46.460	96.176	192.548	0	0.064	2	+	unassigned_transcript_1489	unassigned_transcript_1489	CKV63_RS07450
NZ_LT906445.1	1671353	1671382	AGGGCGGTGTCTTAACCGCTTGACCAACGG	45.490	100.000	199.186	0	0.121	2	+	unassigned_transcript_1489	unassigned_transcript_1489	CKV63_RS07450
NZ_LT906445.1	1671394	1671423	TGGCTCCTCGAGTAGGACTCGAACCTACGA	42.680	99.147	197.852	0	0.108	2	+	unassigned_transcript_1490	unassigned_transcript_1490	CKV63_RS07455
NZ_LT906445.1	1671424	1671453	CCGATCGGTTAACAGCCGATTGCTCTACCG	42.230	100.000	199.080	0	0.141	2	+	unassigned_transcript_1490	unassigned_transcript_1490	CKV63_RS07455
NZ_LT906445.1	1671515	1671544	TTGGCAAGGCGGTGCTCTACCGCTGAGCTA	46.310	97.615	196.166	0	0.074	2	+	unassigned_transcript_1491	unassigned_transcript_1491	CKV63_RS07460
NZ_LT906445.1	1671575	1671604	GAACTGCCGACATCCTGCTTGTAAGGCAGG	42.700	98.087	198.087	0	0.216	2	+	unassigned_transcript_1492	unassigned_transcript_1492	CKV63_RS07465
NZ_LT906445.1	1671652	1671681	AATCGAACCCGGGATACCGCCGTGAAAGGG	45.120	96.550	194.675	0	0.067	2	+	unassigned_transcript_1493	unassigned_transcript_1493	CKV63_RS07470
NZ_LT906445.1	1671759	1671788	AGTCAGGTGCTCTGCCAACTGAGCTAGTGA	42.450	99.059	99.059	0	0.184	2	+	unassigned_transcript_1494	unassigned_transcript_1494	CKV63_RS07475
NZ_LT906445.1	1671795	1671824	TGGCTCCTCGAGTAGGACTCGAACCTACGA	42.680	99.147	197.852	0	0.108	2	+	unassigned_transcript_1495	unassigned_transcript_1495	CKV63_RS07480
NZ_LT906445.1	1671825	1671854	CCGATCGGTTAACAGCCGATTGCTCTACCG	42.230	100.000	199.080	0	0.141	2	+	unassigned_transcript_1495	unassigned_transcript_1495	CKV63_RS07480
NZ_LT906445.1	1671914	1671943	TTGGCAAGGCGGTGCTCTACCGCTGAGCTA	46.310	97.615	196.166	0	0.074	2	+	unassigned_transcript_1496	unassigned_transcript_1496	CKV63_RS07485
NZ_LT906445.1	1724987	1725016	GGCACACGGATTTGAACCGCGGACACACCG	46.540	96.814	0.000	0	0.227	0	+	unassigned_transcript_1556	unassigned_transcript_1556	CKV63_RS07785
NZ_LT906445.1	1725025	1725054	CCGATTGCTCTAGCCAACTGAGCTATGCCG	42.360	97.990	0.000	0	0.284	0	+	unassigned_transcript_1556	unassigned_transcript_1556	CKV63_RS07785
NZ_LT906445.1	1725097	1725126	TCCTTACCAAGGATACGCTCTGCCGACTGA	42.100	100.000	0.000	0	0.163	0	+	unassigned_transcript_1557	unassigned_transcript_1557	CKV63_RS07790
NZ_LT906445.1	1725196	1725225	CGACCTTCGGGTTATGAGCCCGACGAGCTA	44.200	100.000	0.000	0	0.108	0	+	unassigned_transcript_1558	unassigned_transcript_1558	CKV63_RS07795
NZ_LT906445.1	1725288	1725317	ACGGCAGATTTACAGTCTGCTCCCTTTGGC	42.380	99.777	0.000	0	0.261	0	+	unassigned_transcript_1559	unassigned_transcript_1559	CKV63_RS07800
NZ_LT906445.1	1742621	1742650	AGCCGATTGCTCTACCGACTGAGCTATCGA	42.080	99.213	200.000	0	0.123	0	-	unassigned_transcript_1576	unassigned_transcript_1576	CKV63_RS07885
NZ_LT906445.1	1742656	1742685	CGAGTAGGACTCGAACCTACGACCGATCGG	42.220	93.055	176.548	0	0.187	0	-	unassigned_transcript_1576	unassigned_transcript_1576	CKV63_RS07885
NZ_LT906445.1	1742718	1742747	CGGGATACCGCCGTGAAAGGGCGGTGTCTT	46.800	97.077	196.298	0	0.025	0	-	unassigned_transcript_1577	unassigned_transcript_1577	CKV63_RS07890
NZ_LT906445.1	1742778	1742807	GGCAGGCGCTCTCCCAGCTGAGCTAATCGT	46.540	99.441	200.000	0	0.175	0	-	unassigned_transcript_1578	unassigned_transcript_1578	CKV63_RS07895
NZ_LT906445.1	1742810	1742839	ACAGGATCGAACTGCCGACATCCTGCTTGT	43.220	100.000	200.000	0	0.224	0	-	unassigned_transcript_1578	unassigned_transcript_1578	CKV63_RS07895
NZ_LT906445.1	1869264	1869293	CCCCGGGTTCCCCGTGGCACATGAAGGTTA	46.740	98.041	0.000	0	0.111	0	+	unassigned_transcript_1685	unassigned_transcript_1685	CKV63_RS08430
NZ_LT906445.1	1869300	1869329	AGTGCTGCTACCTCTCAGTCCTGACACGAT	42.060	100.000	0.000	0	0.374	0	+	unassigned_transcript_1685	unassigned_transcript_1685	CKV63_RS08430
NZ_LT906445.1	1923203	1923232	CCACGGCCCCTTGCGGAGTCACTGGTTTTC	46.100	100.000	0.000	0	0.223	0	+	unassigned_transcript_1724	unassigned_transcript_1724	CKV63_RS08625
NZ_LT906445.1	1923234	1923263	AGACCAGCTCCTTAAACCACTCGGACACCT	42.310	100.000	0.000	0	0.282	0	+	unassigned_transcript_1724	unassigned_transcript_1724	CKV63_RS08625
