NZ_CP072338.1	147176	147205	CCGGTGCCTCTCAGCACGGCGGTTTTCAAG	46.300	100.000	0.000	0	0.229	0	+	J5A59_RS00750	1
NZ_CP072338.1	163568	163600	CAGGAATCGAACCGGGGACACAAGGATTTTCAG	42.240	100.000	0.000	0	0.270	0	-	J5A59_RS00815	1
NZ_CP072338.1	258099	258128	TCCAGGTTATGAGCCTGGCGAGCTACCAAC	43.130	100.000	0.000	0	0.184	0	-	J5A59_RS01220	1
NZ_CP072338.1	275920	275952	ATGGGATTCAAACCCATGACCTTAGGAACCGGA	42.460	100.000	0.000	0	0.147	0	+	J5A59_RS01300	1
NZ_CP072338.1	379757	379786	AAAAGGCAGCTACCTACTCTCCCGCATTGC	42.240	100.000	298.159	0	0.283	2	+	J5A59_RS01690	1
NZ_CP072338.1	379787	379816	ATTGCAGTACCATCGGCGCAACCGGGCTTA	45.490	99.353	295.588	0	0.189	2	+	J5A59_RS01690	1
NZ_CP072338.1	379817	379849	ACTTCTCTGTTCGGAATGGGAAGAGGTGGAACC	42.580	98.107	294.707	0	0.231	2	+	J5A59_RS01690	1
NZ_CP072338.1	379984	380013	GCTTCGGGCTATTAGTAGTGCTCGGCTGTG	42.100	99.782	296.170	0	0.430	2	+	J5A59_RS01695	1
NZ_CP072338.1	380014	380043	ACGTCGCCGTCTATACACCTGCACCCTATC	42.620	100.000	298.110	0	0.420	2	+	J5A59_RS01695	1
NZ_CP072338.1	380044	380075	CACGTCATCGTCTGTGACGACCCTAATGAGGA	42.280	97.498	280.877	0	0.086	2	+	J5A59_RS01695	1
NZ_CP072338.1	380076	380107	GTTCTAATCTTGCGGAAGGCTTCGCGCTTAGA	42.040	100.000	300.000	0	0.203	2	+	J5A59_RS01695	1
NZ_CP072338.1	380108	380137	TGCTTTCAGCGCTTATCCATGCCAGACTCG	42.500	99.892	299.892	0	0.348	2	+	J5A59_RS01695	1
NZ_CP072338.1	380162	380191	CACAACCGGCAGACCGGAGGTCTGTCCACC	46.760	100.000	298.159	0	0.015	2	+	J5A59_RS01695	1
NZ_CP072338.1	380192	380221	ACGGTCCTCTCGTACTAGTGGCGGAACCAC	43.960	97.042	290.491	0	0.224	2	+	J5A59_RS01695	1
NZ_CP072338.1	380222	380254	GCAAAACTCCAGCGCCCACGATAGATAGAGACC	43.210	98.208	298.208	0	0.221	2	+	J5A59_RS01695	1
NZ_CP072338.1	380255	380286	GAACTGTCTCACGACGTTCTGAACCCAGCTCG	43.320	100.000	290.774	0	0.241	2	+	J5A59_RS01695	1
NZ_CP072338.1	380287	380316	CGTGCCACTTTAATGGGCGAACAGCCCAAC	43.750	100.000	299.471	0	0.044	2	+	J5A59_RS01695	1
NZ_CP072338.1	380317	380346	CCTTGGGACCTTCTCCAGCCCCAGGATGTG	44.990	99.234	297.862	0	0.155	2	+	J5A59_RS01695	1
NZ_CP072338.1	380347	380376	ACGAGCCGACATCGAGGTGCCAAACCACCC	46.960	98.432	298.432	0	0.226	2	+	J5A59_RS01695	1
NZ_CP072338.1	380397	380426	GGGGATCAGCCTGTTATCCCCGGAGTACCT	43.730	94.850	282.996	0	0.195	2	+	J5A59_RS01695	1
NZ_CP072338.1	380427	380462	TTTATCCTTTGAGCGATGCAGTTTCCATACACGTGC	42.240	100.000	300.000	0	0.260	2	+	J5A59_RS01695	1
NZ_CP072338.1	380463	380492	ACCGGATCACTATGCCCCAGTTTCCTGCCT	44.440	100.000	299.573	0	0.362	2	+	J5A59_RS01695	1
NZ_CP072338.1	380497	380527	GGCATGTCTGCCTCCCAGTCAAGCGCCCTTA	46.610	100.000	294.466	0	0.242	2	+	J5A59_RS01695	1
NZ_CP072338.1	380528	380557	TGCCATTGCACTCCATGAGGCCGGTTACCA	45.260	97.727	297.607	0	0.223	2	+	J5A59_RS01695	1
NZ_CP072338.1	380562	380591	GCCCGAGGGCACCTTTGGAAGCCTCCGTTA	46.820	99.349	298.697	0	0.053	2	+	J5A59_RS01695	1
NZ_CP072338.1	380592	380621	CGCTTTTGGAGGCGACCACCCCAGTCAAAC	44.790	100.000	300.000	0	0.253	2	+	J5A59_RS01695	1
NZ_CP072338.1	380645	380674	AACGGCGGGTTAGACCCCGGACAGCCAAAG	46.890	96.432	296.432	0	0.147	2	+	J5A59_RS01695	1
NZ_CP072338.1	380675	380704	GGCCGTATTTCAAGGACGGCTCCACGCACA	45.670	99.077	0.000	0	0.174	0	+	J5A59_RS01695	1
NZ_CP072338.1	380712	380741	GCGCGCTTCGAAGCCTCCGGCCTATCCTAC	46.900	99.702	294.881	0	0.193	2	+	J5A59_RS01695	1
NZ_CP072338.1	380742	380773	ACATCGGATGACCAAGGTCAGTGCTAAGCTGC	43.350	100.000	299.220	0	0.207	2	+	J5A59_RS01695	1
NZ_CP072338.1	380774	380806	AGTAAAGGTTCACGGGGTCTTTTCGTCCCATCG	42.970	99.861	292.253	0	0.231	2	+	J5A59_RS01695	1
NZ_CP072338.1	380833	380869	TACAATTTCACTGAGATCATGGTTGAGACAGCGTCCG	42.540	100.000	300.000	0	0.172	2	+	J5A59_RS01695	1
NZ_CP072338.1	380870	380905	GATCATTACACCATTCGTGCAGGTCGGAACTTACCC	43.030	98.434	298.434	0	0.160	2	+	J5A59_RS01695	1
NZ_CP072338.1	380911	380947	GGAATTTCGCTACCTTAGGACCGTTATAGTTACGGCC	42.350	99.218	296.364	0	0.219	2	+	J5A59_RS01695	1
NZ_CP072338.1	380948	380977	GCCGTTTACCGGGGCTTCAATTCAGGCCTT	44.490	100.000	297.374	0	0.279	2	+	J5A59_RS01695	1
NZ_CP072338.1	380978	381007	CGACCGAAGTCTGAGCCCTCCTCTTAACCT	42.260	99.271	299.271	0	0.275	2	+	J5A59_RS01695	1
NZ_CP072338.1	381009	381038	CCGGCACCGGGCAGGTGTCAGGCTGTATAC	46.890	99.819	295.830	0	0.153	2	+	J5A59_RS01695	1
NZ_CP072338.1	381039	381068	GTCATCTCGCGAGTTTGCACAGCCCTGTGT	44.150	99.360	197.950	0	0.262	2	+	J5A59_RS01695	1
NZ_CP072338.1	381069	381104	TTTTGTTAAACAGTTGCCTGGACCTATTCTCTGCGC	42.240	100.000	300.000	0	0.216	2	+	J5A59_RS01695	1
NZ_CP072338.1	381111	381147	TTATATGAGGACCCCTTATTCCGAAGTTACGGGGTCA	42.340	99.801	93.363	0	0.094	0	+	J5A59_RS01695	1
NZ_CP072338.1	381149	381185	TTTGCCTAGTTCCTTAACCATGAATCTCTCAACGCCT	42.250	100.000	300.000	0	0.289	2	+	J5A59_RS01695	1
NZ_CP072338.1	381186	381220	CAGTATGTTCTACCCGACTACGTGTGTCCGTTTGC	42.880	99.134	299.134	0	0.175	2	+	J5A59_RS01695	1
NZ_CP072338.1	381221	381251	GGTACGGGTTGCCCAAACATTGAGCTTAGCG	43.100	100.000	300.000	0	0.190	2	+	J5A59_RS01695	1
NZ_CP072338.1	381253	381289	ATTTTCTTGGAAGTATGGTTACCTGTGCTGTCGGTCC	42.670	100.000	296.011	0	0.269	2	+	J5A59_RS01695	1
NZ_CP072338.1	381297	381326	GGGGAGGACCGTACTATCGGCCATCAGCTC	44.270	97.783	295.769	0	0.241	2	+	J5A59_RS01695	1
NZ_CP072338.1	381327	381356	CGGGTGTGGATTTGCCTGCACCCATCAAAG	43.540	100.000	300.000	0	0.295	2	+	J5A59_RS01695	1
NZ_CP072338.1	381357	381386	CCTAAAGCCTTCAACGCCCGTGTCCGTAAG	42.560	100.000	275.676	0	0.269	2	+	J5A59_RS01695	1
NZ_CP072338.1	381390	381419	GCGACAGTGTCACTGCTCCGTCTCCGCGTC	46.860	99.013	293.324	0	0.247	2	+	J5A59_RS01695	1
NZ_CP072338.1	381420	381450	GCTGAATGGGCAAGTCACGGAATGTTCACCG	43.240	100.000	300.000	0	0.258	2	+	J5A59_RS01695	1
NZ_CP072338.1	381457	381486	CCATCGCCTTCGCCGTTCGGCTGGGACTTA	46.770	100.000	294.603	0	0.250	2	+	J5A59_RS01695	1
NZ_CP072338.1	381503	381532	GGGCTGACTGGCATCGCCCGGGAAACCTTA	46.870	99.462	296.806	0	0.151	2	+	J5A59_RS01695	1
NZ_CP072338.1	381567	381603	CGTTACTCATACCTACATTTGCTTTTCCATGCGCTCC	42.200	100.000	300.000	0	0.362	2	+	J5A59_RS01695	1
NZ_CP072338.1	381604	381633	AGGATCTGTCACCATCACCATTCTGCGCAC	42.200	100.000	297.147	0	0.340	2	+	J5A59_RS01695	1
NZ_CP072338.1	381661	381697	TATATACAATGCTATCCCGCGCCTTCGGTATCTGACT	42.630	100.000	300.000	0	0.239	2	+	J5A59_RS01695	1
NZ_CP072338.1	381698	381728	TCATACCCGATTATTATCCACGCCCGGACCC	42.620	99.307	288.416	0	0.316	2	+	J5A59_RS01695	1
NZ_CP072338.1	381729	381762	TCGACCAGTGAGCTGTTACGCACTCTTTGAATGA	42.570	97.909	297.794	0	0.177	2	+	J5A59_RS01695	1
NZ_CP072338.1	381763	381792	ATGGCTGCTTCCAAGCCAACATCCTAGCTG	42.540	98.515	294.579	0	0.165	2	+	J5A59_RS01695	1
NZ_CP072338.1	381793	381828	TCACCGGGACCAGACTTCGTTAGACTAACTTAGACA	42.240	95.724	295.724	0	0.176	2	+	J5A59_RS01695	1
NZ_CP072338.1	381829	381862	GAATTTCGGGACCTTAGACGACGGTCAGGATTCT	42.240	95.992	291.575	0	0.163	2	+	J5A59_RS01695	1
NZ_CP072338.1	381863	381892	TCTCCTCTCGGGGACGGACCTTAGCACCCG	46.700	100.000	295.438	0	0.182	2	+	J5A59_RS01695	1
NZ_CP072338.1	381894	381923	CCCCTTACTGCACGACTACGGTCCGTGAGC	44.830	100.000	296.817	0	0.247	2	+	J5A59_RS01695	1
NZ_CP072338.1	381924	381953	ATTCGGAGTTCGTCAGGTCGCGACAGGCGG	46.540	96.671	287.937	0	0.156	2	+	J5A59_RS01695	1
NZ_CP072338.1	381954	381984	TGAAGCCCTCTTGACCTATCGGTCGCTCTAC	42.170	100.000	299.928	0	0.193	2	+	J5A59_RS01695	1
NZ_CP072338.1	381985	382014	CTCTCACGGAGAACATCGCACGCGGCACCT	46.740	98.656	294.650	0	0.167	2	+	J5A59_RS01695	1
NZ_CP072338.1	382015	382046	AAATGCCTTTCGGGGAGTACGAGCTATCTCCA	42.220	100.000	300.000	0	0.191	2	+	J5A59_RS01695	1
NZ_CP072338.1	382049	382085	TTTGATTGGCCTTTCACTCCTACACTCAACTCATCGG	42.630	100.000	299.752	0	0.374	2	+	J5A59_RS01695	1
NZ_CP072338.1	382086	382116	GAAGCTTTTCAACGCTTATCCGTGCGGTCCT	42.660	100.000	300.000	0	0.133	2	+	J5A59_RS01695	1
NZ_CP072338.1	382117	382147	CCATTCCGTGTTACCGGAACTTCAACCTGGT	42.020	96.528	292.747	0	0.194	2	+	J5A59_RS01695	1
NZ_CP072338.1	382148	382181	CAAGTGTAGATCACTTGGTTTCGCGTCTACCCCA	42.650	99.840	293.890	0	0.172	2	+	J5A59_RS01695	1
NZ_CP072338.1	382182	382211	CCCAACTGAACGCCCTCTTCAGGCTCGCTT	45.400	100.000	300.000	0	0.290	2	+	J5A59_RS01695	1
NZ_CP072338.1	382212	382241	TCACTGCGGATACGGGGCTGAGCCCCTTAA	45.780	99.239	295.260	0	0.045	2	+	J5A59_RS01695	1
NZ_CP072338.1	382242	382271	CCTCGCTGGGCATGGTAACTCGTAGGTTCA	43.030	99.773	299.773	0	0.243	2	+	J5A59_RS01695	1
NZ_CP072338.1	382272	382308	TTATGCAAAAGGCACGCCGTCACATACAAGAATATGC	42.520	100.000	293.519	0	0.100	2	+	J5A59_RS01695	1
NZ_CP072338.1	382309	382338	TCCGACCGCTTGTAGGCGCATGGTTTCAGG	45.520	99.934	298.159	0	0.240	2	+	J5A59_RS01695	1
NZ_CP072338.1	382339	382375	AACTGTTTCACTCTCCTAATCGGAGTGCTTTTCACCT	42.140	100.000	287.231	0	0.147	2	+	J5A59_RS01695	1
NZ_CP072338.1	382376	382408	TTCCCTCACGGTACTGGTACACTATCGGTCTCA	42.440	94.703	289.985	0	0.185	2	+	J5A59_RS01695	1
NZ_CP072338.1	382409	382438	CGGGAGTATTTAGCCTTGCCGGATGGGCCC	45.520	97.377	292.353	0	0.149	2	+	J5A59_RS01695	1
NZ_CP072338.1	382439	382469	GGCAGATTCACGCAGAATTACTCGTGCTCCG	42.620	100.000	300.000	0	0.178	2	+	J5A59_RS01695	1
NZ_CP072338.1	382470	382499	CGCTACTCAGGATACCACTACGCCCCATCA	42.360	100.000	290.557	0	0.363	2	+	J5A59_RS01695	1
NZ_CP072338.1	382500	382529	TGCTTCGGATACGGGACTGTCACCCGCTAC	44.400	97.073	296.433	0	0.147	2	+	J5A59_RS01695	1
NZ_CP072338.1	382530	382565	GGTTGAACTTTCCAGAACATTCTCCTCACACCCAGG	43.060	92.118	285.985	0	0.213	2	+	J5A59_RS01695	1
NZ_CP072338.1	382598	382627	GCACTGAAACGCAGCGGGTTTGGGCTCCTC	46.570	100.000	0.000	0	0.192	2	+	J5A59_RS01695	1
NZ_CP072338.1	382671	382707	TTTTCCTGCAGGTACTAAGATGTTTCAGTTCCCTGCG	42.760	100.000	299.915	0	0.133	2	+	J5A59_RS01695	1
NZ_CP072338.1	382723	382756	AAAATCAGGATAGCACTCCTTCAGAGTGCTGGGT	42.250	99.506	299.506	0	0.040	2	+	J5A59_RS01695	1
NZ_CP072338.1	382757	382786	TGTCCCATTCGGAAATCCCCGGATCAGAGA	42.320	94.905	288.025	0	0.210	2	+	J5A59_RS01695	1
NZ_CP072338.1	382787	382816	TTGCTTGCATCTACCCGGGGCTTATCGCAG	43.910	100.000	299.448	0	0.345	2	+	J5A59_RS01695	1
NZ_CP072338.1	382817	382846	CTTGACACGTCCTTCATCGCCTCCGTGAGC	43.910	100.000	296.420	0	0.289	2	+	J5A59_RS01695	1
NZ_CP072338.1	382847	382876	CAAGGCATCCGCCATGCGCCCTTCATTACT	44.520	100.000	297.179	0	0.148	2	+	J5A59_RS01695	1
NZ_CP072338.1	383110	383139	CCCCTGCTTGCAAAGCAGGTGCTCTAGCCA	45.760	97.754	99.672	0	0.028	0	+	J5A59_RS01700	1
NZ_CP072338.1	383187	383221	CAGACTTGAACTGCCGACCTCCACATTATCAGTGT	42.620	100.000	100.000	0	0.296	0	+	J5A59_RS01705	1
NZ_CP072338.1	383416	383445	GTTCCAGCCGCACCTTCCGGTACGGCTACC	46.930	99.685	295.715	0	0.027	2	+	J5A59_RS01710	1
NZ_CP072338.1	383446	383478	TTGTTACGACTTAGCCCCAATCACCGGTCTTGC	43.330	97.907	296.019	0	0.394	2	+	J5A59_RS01710	1
NZ_CP072338.1	383479	383508	CCTAGGTCGCTCCTCGCGGTCACGAACTTC	44.740	100.000	295.360	0	0.154	2	+	J5A59_RS01710	1
NZ_CP072338.1	383518	383547	CGGCTTTCATGGCTTGACGGGCGGTGTGTA	45.850	100.000	295.547	0	0.352	2	+	J5A59_RS01710	1
NZ_CP072338.1	383554	383584	CCGGGAACGTATTCACCGCGCCATGGCTGAT	46.990	98.280	294.700	0	0.171	2	+	J5A59_RS01710	1
NZ_CP072338.1	383585	383614	GCGCGATTACTAGCGAATCCAGCTTCGTGG	42.730	99.353	298.441	0	0.256	2	+	J5A59_RS01710	1
NZ_CP072338.1	383615	383644	GGTCGGGTTGCAGACCCCAGTCCGAACTGG	46.840	97.873	295.905	0	0.132	2	+	J5A59_RS01710	1
NZ_CP072338.1	383645	383679	GACCGGATTTCAAGATTGGATGCAACTTGCATTGC	42.160	99.189	297.443	0	0.078	2	+	J5A59_RS01710	1
NZ_CP072338.1	383680	383709	ACCGTCCCTCTGTACCGGCCATTGTAACAC	43.210	97.303	293.306	0	0.397	2	+	J5A59_RS01710	1
NZ_CP072338.1	383714	383743	GTAGCCCCGGACGTAAGGGCCGTGCTGATT	46.550	96.974	293.317	0	0.107	2	+	J5A59_RS01710	1
NZ_CP072338.1	383744	383773	TGACGTCATCCCCACCTTCCTCGCACCTTG	44.860	100.000	300.000	0	0.495	2	+	J5A59_RS01710	1
NZ_CP072338.1	383796	383825	CCCGGCATCACCCGATGGCAACTGGGAAAG	46.130	98.202	297.780	0	0.142	2	+	J5A59_RS01710	1
NZ_CP072338.1	383826	383855	GGGGTTGCGCTCGTTATGGCACTTAAGCCG	44.800	100.000	295.009	0	0.324	2	+	J5A59_RS01710	1
NZ_CP072338.1	383856	383885	ACACCTCACGGCACGAGCTGACGACAACCA	46.380	100.000	300.000	0	0.113	2	+	J5A59_RS01710	1
NZ_CP072338.1	383888	383917	CAGCACCTTCACAGACGCCCCGAAGGGAAG	45.530	99.782	299.782	0	0.045	2	+	J5A59_RS01710	1
NZ_CP072338.1	383918	383947	CCCACGTCTCTGTGGGCAGCGACTGCAATT	45.710	99.102	193.793	0	0.133	0	+	J5A59_RS01710	1
NZ_CP072338.1	383948	383977	CAAGCCCGGGTAAGGTTCCTCGCGTATCAT	43.310	99.838	299.838	0	0.401	2	+	J5A59_RS01710	1
NZ_CP072338.1	383978	384010	CGAATTAAACCACATGTTCCTCCGCTTGTGCGG	43.120	100.000	300.000	0	0.117	2	+	J5A59_RS01710	1
NZ_CP072338.1	384013	384044	CCCCGTCAATTCCTTTGAGTTTCACCGTTGCC	43.140	100.000	300.000	0	0.291	2	+	J5A59_RS01710	1
NZ_CP072338.1	384045	384074	GGCGTACTCCCCAGGTGGGATGCTTAATGC	43.990	98.038	292.134	0	0.136	2	+	J5A59_RS01710	1
NZ_CP072338.1	384098	384127	GCGCCAACGGCGGGCATCCATCGTTTACTG	46.700	98.965	291.318	0	0.116	2	+	J5A59_RS01710	1
NZ_CP072338.1	384128	384163	TGCGGACTACCAGGGTATCTAATCCTGTTCGATACC	42.650	100.000	299.211	0	0.194	2	+	J5A59_RS01710	1
NZ_CP072338.1	384164	384195	CGCACCTTCGAGCTTAAGCGTCAGTAACACTC	42.190	100.000	300.000	0	0.218	2	+	J5A59_RS01710	1
NZ_CP072338.1	384198	384227	GCAGGCTGCCTTCGCGATCGGAGTTCCTCA	46.760	100.000	296.567	0	0.170	2	+	J5A59_RS01710	1
NZ_CP072338.1	384231	384267	TATCTAAGCATTTCACCGCTACACCATGAATTCCGCC	42.880	100.000	300.000	0	0.200	2	+	J5A59_RS01710	1
NZ_CP072338.1	384268	384297	TGCGCTGCGTGTACTCAAGTCTGACAGTTC	42.200	97.117	294.080	0	0.309	2	+	J5A59_RS01710	1
NZ_CP072338.1	384315	384351	TTGAGCACCTAAATTTCACAACACGCTTAACAGACCG	42.180	100.000	300.000	0	0.237	2	+	J5A59_RS01710	1
NZ_CP072338.1	384355	384391	ACACTCCCTTTAAACCCAATAAATCCGGATAACGCCC	42.820	97.615	297.615	0	0.293	2	+	J5A59_RS01710	1
NZ_CP072338.1	384392	384421	GGACCTTCCGTATTACCGCGGCTGCTGGCA	46.850	100.000	295.897	0	0.221	2	+	J5A59_RS01710	1
NZ_CP072338.1	384422	384457	CGGAATTAGCCGGTCCTTATTCATGAGGTACATGCA	42.550	100.000	297.517	0	0.231	2	+	J5A59_RS01710	1
NZ_CP072338.1	384458	384487	ATGGCGCACACGTGCGCCACTTTATTCCCA	46.110	99.494	295.721	0	0.005	2	+	J5A59_RS01710	1
NZ_CP072338.1	384488	384523	CATAAAAGCAGTTTACAACCCATAGGGCCGTCATCC	42.110	100.000	300.000	0	0.142	2	+	J5A59_RS01710	1
NZ_CP072338.1	384524	384553	TGCACGCTACTTGGCTGGTTCAGACTTGCG	44.300	100.000	300.000	0	0.324	2	+	J5A59_RS01710	1
NZ_CP072338.1	384554	384586	TCCATTGACCAATATTCCTCACTGCTGCCTCCC	42.950	100.000	299.384	0	0.319	2	+	J5A59_RS01710	1
NZ_CP072338.1	384587	384621	GTAGGAGTTTGGACCGTGTCTCAGTTCCAATGTGG	42.900	98.612	292.725	0	0.247	2	+	J5A59_RS01710	1
NZ_CP072338.1	384622	384652	GGGACCTTCCTCTCAGAACCCCTACTGATCG	42.110	97.398	286.956	0	0.234	2	+	J5A59_RS01710	1
NZ_CP072338.1	384661	384690	GTGGGCCGTTGCCCCGCCAACAAGCTAATC	46.750	98.908	281.187	0	0.107	2	+	J5A59_RS01710	1
NZ_CP072338.1	384691	384720	AGACGCATCCCCATCCCTTACCGGAAAACC	43.430	99.851	288.737	0	0.316	2	+	J5A59_RS01710	1
NZ_CP072338.1	384722	384758	TTGTTTCATATCGGATGCCGTCAATGAAACACATCGG	42.200	100.000	298.932	0	0.143	2	+	J5A59_RS01710	1
NZ_CP072338.1	384759	384790	GTATTAGGCCGTCTTTCAACGGGGTATCCCCA	42.620	99.423	299.423	0	0.121	2	+	J5A59_RS01710	1
NZ_CP072338.1	384791	384821	AGTAAGGGGCAGGTTGGATACGCGATACTCA	42.120	100.000	300.000	0	0.356	2	+	J5A59_RS01710	1
NZ_CP072338.1	384825	384854	GTGCGCCGGTCGACGTCCAGAATGTGCAAG	46.290	96.024	290.562	0	0.249	2	+	J5A59_RS01710	1
NZ_CP072338.1	384855	384886	CACATAATGCCGTTTCCCCACGACTTGCATGT	42.860	100.000	300.000	0	0.252	2	+	J5A59_RS01710	1
NZ_CP072338.1	384887	384917	GTTAAGCCTGTAGCCAGCGTTCATCCTGAGC	42.400	99.843	298.813	0	0.270	2	+	J5A59_RS01710	1
NZ_CP072338.1	529033	529062	CCCCGGTACGGTAACCCGCACGTCAGTTTA	44.700	96.844	0.000	0	0.073	0	+	J5A59_RS02270	1
NZ_CP072338.1	529063	529092	GCAAACTGGTGGTTTCAGCCACTCACCCAT	42.960	99.577	0.000	0	0.189	0	+	J5A59_RS02270	1
NZ_CP072339.1	72948	72977	AAAAGGCAGCTACCTACTCTCCCGCATTGC	42.240	100.000	298.159	0	0.283	2	+	J5A59_RS02985	1
NZ_CP072339.1	72978	73007	ATTGCAGTACCATCGGCGCAACCGGGCTTA	45.490	99.353	295.588	0	0.189	2	+	J5A59_RS02985	1
NZ_CP072339.1	73008	73040	ACTTCTCTGTTCGGAATGGGAAGAGGTGGAACC	42.580	98.107	294.707	0	0.231	2	+	J5A59_RS02985	1
NZ_CP072339.1	73175	73204	GCTTCGGGCTATTAGTAGTGCTCGGCTGTG	42.100	99.782	296.170	0	0.430	2	+	J5A59_RS02990	1
NZ_CP072339.1	73205	73234	ACGTCGCCGTCTATACACCTGCACCCTATC	42.620	100.000	298.110	0	0.420	2	+	J5A59_RS02990	1
NZ_CP072339.1	73235	73266	GACGTCATCGTCTGTGACGACCCTAATGAGGA	42.110	97.255	282.271	0	0.083	2	+	J5A59_RS02990	1
NZ_CP072339.1	73267	73298	GTTCTAATCTTGCGGAAGGCTTCGCGCTTAGA	42.040	100.000	300.000	0	0.203	2	+	J5A59_RS02990	1
NZ_CP072339.1	73299	73328	TGCTTTCAGCGCTTATCCATGCCAGACTCG	42.500	99.892	299.892	0	0.348	2	+	J5A59_RS02990	1
NZ_CP072339.1	73353	73382	CACAACCGGCAGACCGGAGGTCTGTCCACC	46.760	100.000	298.159	0	0.015	2	+	J5A59_RS02990	1
NZ_CP072339.1	73383	73412	ACGGTCCTCTCGTACTAGTGGCGGAACCAC	43.960	97.042	290.491	0	0.224	2	+	J5A59_RS02990	1
NZ_CP072339.1	73413	73445	GCAAAACTCCAGCGCCCACGATAGATAGAGACC	43.210	98.208	298.208	0	0.221	2	+	J5A59_RS02990	1
NZ_CP072339.1	73446	73477	GAACTGTCTCACGACGTTCTGAACCCAGCTCG	43.320	100.000	290.774	0	0.241	2	+	J5A59_RS02990	1
NZ_CP072339.1	73478	73507	CGTGCCACTTTAATGGGCGAACAGCCCAAC	43.750	100.000	299.471	0	0.044	2	+	J5A59_RS02990	1
NZ_CP072339.1	73508	73537	CCTTGGGACCTTCTCCAGCCCCAGGATGTG	44.990	99.234	297.862	0	0.155	2	+	J5A59_RS02990	1
NZ_CP072339.1	73538	73567	ACGAGCCGACATCGAGGTGCCAAACCACCC	46.960	98.432	298.432	0	0.226	2	+	J5A59_RS02990	1
NZ_CP072339.1	73588	73617	GGGGATCAGCCTGTTATCCCCGGAGTACCT	43.730	94.850	282.996	0	0.195	2	+	J5A59_RS02990	1
NZ_CP072339.1	73618	73653	TTTATCCTTTGAGCGATGCAGTTTCCATACACGTGC	42.240	100.000	300.000	0	0.260	2	+	J5A59_RS02990	1
NZ_CP072339.1	73654	73683	ACCGGATCACTATGCCCCAGTTTCCTGCCT	44.440	100.000	299.573	0	0.362	2	+	J5A59_RS02990	1
NZ_CP072339.1	73688	73718	GGCATGTCTGCCTCCCAGTCAAGCGCCCTTA	46.610	100.000	294.466	0	0.242	2	+	J5A59_RS02990	1
NZ_CP072339.1	73719	73748	TGCCATTGCACTCCATGAGGCCGGTTACCA	45.260	97.727	297.607	0	0.223	2	+	J5A59_RS02990	1
NZ_CP072339.1	73753	73782	GCCCGAGGGCACCTTTGGAAGCCTCCGTTA	46.820	99.349	298.697	0	0.053	2	+	J5A59_RS02990	1
NZ_CP072339.1	73783	73812	CGCTTTTGGAGGCGACCACCCCAGTCAAAC	44.790	100.000	300.000	0	0.253	2	+	J5A59_RS02990	1
NZ_CP072339.1	73836	73865	AACGGCGGGTTAGACCCCGGACAGCCAAAG	46.890	96.432	296.432	0	0.147	2	+	J5A59_RS02990	1
NZ_CP072339.1	73866	73895	GGCCGTATTTCAAGGATGGCTCCACGAACA	42.370	100.000	200.000	0	0.273	0	+	J5A59_RS02990	1
NZ_CP072339.1	73903	73932	GCGCGCTTCGAAGCCTCCGGCCTATCCTAC	46.900	99.702	294.881	0	0.193	2	+	J5A59_RS02990	1
NZ_CP072339.1	73933	73964	ACATCGGATGACCAAGGTCAGTGCTAAGCTGC	43.350	100.000	299.220	0	0.207	2	+	J5A59_RS02990	1
NZ_CP072339.1	73965	73997	AGTAAAGGTTCACGGGGTCTTTTCGTCCCATCG	42.970	99.861	292.253	0	0.231	2	+	J5A59_RS02990	1
NZ_CP072339.1	74024	74060	TACAATTTCACTGAGATCATGGTTGAGACAGCGTCCG	42.540	100.000	300.000	0	0.172	2	+	J5A59_RS02990	1
NZ_CP072339.1	74061	74096	GATCATTACACCATTCGTGCAGGTCGGAACTTACCC	43.030	98.434	298.434	0	0.160	2	+	J5A59_RS02990	1
NZ_CP072339.1	74102	74138	GGAATTTCGCTACCTTAGGACCGTTATAGTTACGGCC	42.350	99.218	296.364	0	0.219	2	+	J5A59_RS02990	1
NZ_CP072339.1	74139	74168	GCCGTTTACCGGGGCTTCAATTCAGGCCTT	44.490	100.000	297.374	0	0.279	2	+	J5A59_RS02990	1
NZ_CP072339.1	74169	74198	CGACCGAAGTCTGAGCCCTCCTCTTAACCT	42.260	99.271	299.271	0	0.275	2	+	J5A59_RS02990	1
NZ_CP072339.1	74200	74229	CCGGCACCGGGCAGGTGTCAGGCTGTATAC	46.890	99.819	295.830	0	0.153	2	+	J5A59_RS02990	1
NZ_CP072339.1	74230	74259	GTCATCTCGCGAGTTTGCACAGCCCTGTGT	44.150	99.360	197.950	0	0.262	2	+	J5A59_RS02990	1
NZ_CP072339.1	74260	74295	TTTTGTTAAACAGTTGCCTGGACCTATTCTCTGCGC	42.240	100.000	300.000	0	0.216	2	+	J5A59_RS02990	1
NZ_CP072339.1	74303	74333	AAAACGAGGACCCCTTATCCCGAGGTTACGG	42.630	96.050	95.917	0	0.232	0	+	J5A59_RS02990	1
NZ_CP072339.1	74340	74376	TTTGCCTAGTTCCTTAACCATGAATCTCTCAACGCCT	42.250	100.000	300.000	0	0.289	2	+	J5A59_RS02990	1
NZ_CP072339.1	74377	74411	CAGTATGTTCTACCCGACTACGTGTGTCCGTTTGC	42.880	99.134	299.134	0	0.175	2	+	J5A59_RS02990	1
NZ_CP072339.1	74412	74442	GGTACGGGTTGCCCAAACATTGAGCTTAGCG	43.100	100.000	300.000	0	0.190	2	+	J5A59_RS02990	1
NZ_CP072339.1	74444	74480	ATTTTCTTGGAAGTATGGTTACCTGTGCTGTCGGTCC	42.670	100.000	296.011	0	0.269	2	+	J5A59_RS02990	1
NZ_CP072339.1	74488	74517	GGGGAGGACCGTACTATCGGCCATCAGCTC	44.270	97.783	295.769	0	0.241	2	+	J5A59_RS02990	1
NZ_CP072339.1	74518	74547	CGGGTGTGGATTTGCCTGCACCCATCAAAG	43.540	100.000	300.000	0	0.295	2	+	J5A59_RS02990	1
NZ_CP072339.1	74548	74578	CCTAAAGCCTTCAACGCCCATGTCCGTAAGG	42.440	100.000	292.819	0	0.197	2	+	J5A59_RS02990	1
NZ_CP072339.1	74581	74610	GCGACAGTGTCACTGCTCCGTCTCCGCGTC	46.860	99.013	293.324	0	0.247	2	+	J5A59_RS02990	1
NZ_CP072339.1	74611	74641	GCTGAATGGGCAAGTCACGGAATGTTCACCG	43.240	100.000	300.000	0	0.258	2	+	J5A59_RS02990	1
NZ_CP072339.1	74648	74677	CCATCGCCTTCGCCGTTCGGCTGGGACTTA	46.770	100.000	294.603	0	0.250	2	+	J5A59_RS02990	1
NZ_CP072339.1	74694	74723	GGGCTGACTGGCATCGCCCGGGAAACCTTA	46.870	99.462	296.806	0	0.151	2	+	J5A59_RS02990	1
NZ_CP072339.1	74758	74794	CGTTACTCATACCTACATTTGCTTTTCCATGCGCTCC	42.200	100.000	300.000	0	0.362	2	+	J5A59_RS02990	1
NZ_CP072339.1	74795	74824	AGGATCTGTCACCATCACCATTCTGCGCAC	42.200	100.000	297.147	0	0.340	2	+	J5A59_RS02990	1
NZ_CP072339.1	74852	74888	TATATACAATGCTATCCCGCGCCTTCGGTATCTGACT	42.630	100.000	300.000	0	0.239	2	+	J5A59_RS02990	1
NZ_CP072339.1	74889	74919	TCATACCCGATTATTATCCACGCCCGGACCC	42.620	99.307	288.416	0	0.316	2	+	J5A59_RS02990	1
NZ_CP072339.1	74920	74953	TCGACCAGTGAGCTGTTACGCACTCTTTGAATGA	42.570	97.909	297.794	0	0.177	2	+	J5A59_RS02990	1
NZ_CP072339.1	74954	74983	ATGGCTGCTTCCAAGCCAACATCCTAGCTG	42.540	98.515	294.579	0	0.165	2	+	J5A59_RS02990	1
NZ_CP072339.1	74984	75019	TCACCGGGACCAGACTTCGTTAGACTAACTTAGACA	42.240	95.724	295.724	0	0.176	2	+	J5A59_RS02990	1
NZ_CP072339.1	75020	75053	GAATTTCGGGACCTTAGACGACGGTCAGGATTCT	42.240	95.992	291.575	0	0.163	2	+	J5A59_RS02990	1
NZ_CP072339.1	75054	75083	TCTCCTCTCGGGGACGGACCTTAGCACCCG	46.700	100.000	295.438	0	0.182	2	+	J5A59_RS02990	1
NZ_CP072339.1	75085	75114	CCCCTTACTGCACGACTACGGTCCGTGAGC	44.830	100.000	296.817	0	0.247	2	+	J5A59_RS02990	1
NZ_CP072339.1	75115	75144	ATTCGGAGTTCGTCAGGTCGCGACAGGCGG	46.540	96.671	287.937	0	0.156	2	+	J5A59_RS02990	1
NZ_CP072339.1	75145	75175	TGAAGCCCTCTTGACCTATCGGTCGCTCTAC	42.170	100.000	299.928	0	0.193	2	+	J5A59_RS02990	1
NZ_CP072339.1	75176	75205	CTCTCACGGAGAACATCGCACGCGGCACCT	46.740	98.656	294.650	0	0.167	2	+	J5A59_RS02990	1
NZ_CP072339.1	75206	75237	AAATGCCTTTCGGGGAGTACGAGCTATCTCCA	42.220	100.000	300.000	0	0.191	2	+	J5A59_RS02990	1
NZ_CP072339.1	75240	75276	TTTGATTGGCCTTTCACTCCTACACTCAACTCATCGG	42.630	100.000	299.752	0	0.374	2	+	J5A59_RS02990	1
NZ_CP072339.1	75277	75307	GAAGCTTTTCAACGCTTATCCGTGCGGTCCT	42.660	100.000	300.000	0	0.133	2	+	J5A59_RS02990	1
NZ_CP072339.1	75308	75338	CCATTCCGTGTTACCGGAACTTCAACCTGGT	42.020	96.528	292.747	0	0.194	2	+	J5A59_RS02990	1
NZ_CP072339.1	75339	75372	CAAGTGTAGATCACTTGGTTTCGCGTCTACCCCA	42.650	99.840	293.890	0	0.172	2	+	J5A59_RS02990	1
NZ_CP072339.1	75373	75402	CCCAACTGAACGCCCTCTTCAGGCTCGCTT	45.400	100.000	300.000	0	0.290	2	+	J5A59_RS02990	1
NZ_CP072339.1	75403	75432	TCACTGCGGATACGGGGCTGAGCCCCTTAA	45.780	99.239	295.260	0	0.045	2	+	J5A59_RS02990	1
NZ_CP072339.1	75433	75462	CCTCGCTGGGCATGGTAACTCGTAGGTTCA	43.030	99.773	299.773	0	0.243	2	+	J5A59_RS02990	1
NZ_CP072339.1	75463	75493	TTATGCAAAAGGCACGCCGTCACATACAGGA	42.210	100.000	274.998	0	0.155	2	+	J5A59_RS02990	1
NZ_CP072339.1	75494	75523	ATATGCTCCGACCGCTTGTAGGCGCATGGT	44.970	100.000	297.343	0	0.230	2	+	J5A59_RS02990	1
NZ_CP072339.1	75530	75566	AACTGTTTCACTCTCCTAATCGGAGTGCTTTTCACCT	42.140	100.000	287.231	0	0.147	2	+	J5A59_RS02990	1
NZ_CP072339.1	75567	75599	TTCCCTCACGGTACTGGTACACTATCGGTCTCA	42.440	94.703	289.985	0	0.185	2	+	J5A59_RS02990	1
NZ_CP072339.1	75600	75629	CGGGAGTATTTAGCCTTGCCGGATGGGCCC	45.520	97.377	292.353	0	0.149	2	+	J5A59_RS02990	1
NZ_CP072339.1	75630	75660	GGCAGATTCACGCAGAATTACTCGTGCTCCG	42.620	100.000	300.000	0	0.178	2	+	J5A59_RS02990	1
NZ_CP072339.1	75661	75690	CGCTACTCAGGATACCACTACGCCCCATCA	42.360	100.000	290.557	0	0.363	2	+	J5A59_RS02990	1
NZ_CP072339.1	75691	75720	TGCTTCGGATACGGGACTGTCACCCGCTAC	44.400	97.073	296.433	0	0.147	2	+	J5A59_RS02990	1
NZ_CP072339.1	75721	75756	GGTTGAACTTTCCAGAACATTCTCCTCACACCCAGG	43.060	92.118	285.985	0	0.213	2	+	J5A59_RS02990	1
NZ_CP072339.1	75786	75815	CGCGCATTGAAACGCAGCGGGTTTGGGCTA	46.850	97.236	289.489	0	0.173	2	+	J5A59_RS02990	1
NZ_CP072339.1	75862	75898	TTTTCCTGCAGGTACTAAGATGTTTCAGTTCCCTGCG	42.760	100.000	299.915	0	0.133	2	+	J5A59_RS02990	1
NZ_CP072339.1	75914	75947	AAAATCAGGATAGCACTCCTTCAGAGTGCTGGGT	42.250	99.506	299.506	0	0.040	2	+	J5A59_RS02990	1
NZ_CP072339.1	75948	75977	TGTCCCATTCGGAAATCCCCGGATCAGAGA	42.320	94.905	288.025	0	0.210	2	+	J5A59_RS02990	1
NZ_CP072339.1	75978	76007	TTGCTTGCATCTACCCGGGGCTTATCGCAG	43.910	100.000	299.448	0	0.345	2	+	J5A59_RS02990	1
NZ_CP072339.1	76008	76037	CTTGACACGTCCTTCATCGCCTCCGTGAGC	43.910	100.000	296.420	0	0.289	2	+	J5A59_RS02990	1
NZ_CP072339.1	76038	76067	CAAGGCATCCGCCATGCGCCCTTCATTACT	44.520	100.000	297.179	0	0.148	2	+	J5A59_RS02990	1
NZ_CP072339.1	76450	76479	GTGTTCCAGCCGCACCTTCCGGTACGGCTA	46.570	99.976	292.019	0	0.026	2	+	J5A59_RS02995	1
NZ_CP072339.1	76480	76510	CCTTGTTACGACTTAGCCCCAATCACCGGTC	42.030	99.494	298.118	0	0.457	2	+	J5A59_RS02995	1
NZ_CP072339.1	76514	76543	CCCTAGGTCGCTCCTCGCGGTCACGAACTT	45.930	100.000	295.081	0	0.156	2	+	J5A59_RS02995	1
NZ_CP072339.1	76554	76583	CGGCTTTCATGGCTTGACGGGCGGTGTGTA	45.850	100.000	295.547	0	0.352	2	+	J5A59_RS02995	1
NZ_CP072339.1	76590	76620	CCGGGAACGTATTCACCGCGCCATGGCTGAT	46.990	98.280	294.700	0	0.171	2	+	J5A59_RS02995	1
NZ_CP072339.1	76621	76650	GCGCGATTACTAGCGAATCCAGCTTCGTGG	42.730	99.353	298.441	0	0.256	2	+	J5A59_RS02995	1
NZ_CP072339.1	76651	76680	GGTCGGGTTGCAGACCCCAGTCCGAACTGG	46.840	97.873	295.905	0	0.132	2	+	J5A59_RS02995	1
NZ_CP072339.1	76681	76715	GACCGGATTTCAAGATTGGATGCAACTTGCATTGC	42.160	99.189	297.443	0	0.078	2	+	J5A59_RS02995	1
NZ_CP072339.1	76716	76745	ACCGTCCCTCTGTACCGGCCATTGTAACAC	43.210	97.303	293.306	0	0.397	2	+	J5A59_RS02995	1
NZ_CP072339.1	76750	76779	GTAGCCCCGGACGTAAGGGCCGTGCTGATT	46.550	96.974	293.317	0	0.107	2	+	J5A59_RS02995	1
NZ_CP072339.1	76780	76809	TGACGTCATCCCCACCTTCCTCGCACCTTG	44.860	100.000	300.000	0	0.495	2	+	J5A59_RS02995	1
NZ_CP072339.1	76832	76861	CCCGGCATCACCCGATGGCAACTGGGAAAG	46.130	98.202	297.780	0	0.142	2	+	J5A59_RS02995	1
NZ_CP072339.1	76862	76891	GGGGTTGCGCTCGTTATGGCACTTAAGCCG	44.800	100.000	295.009	0	0.324	2	+	J5A59_RS02995	1
NZ_CP072339.1	76892	76921	ACACCTCACGGCACGAGCTGACGACAACCA	46.380	100.000	300.000	0	0.113	2	+	J5A59_RS02995	1
NZ_CP072339.1	76924	76953	CAGCACCTTCACAGACGCCCCGAAGGGAAG	45.530	99.782	299.782	0	0.045	2	+	J5A59_RS02995	1
NZ_CP072339.1	76954	76983	CCCACGTCTCTGTGGACCGCGACTGCAATT	45.420	99.681	0.000	0	0.236	0	+	J5A59_RS02995	1
NZ_CP072339.1	76984	77013	CAAGCCCGGGTAAGGTTCCTCGCGTATCAT	43.310	99.838	299.838	0	0.401	2	+	J5A59_RS02995	1
NZ_CP072339.1	77014	77046	CGAATTAAACCACATGTTCCTCCGCTTGTGCGG	43.120	100.000	300.000	0	0.117	2	+	J5A59_RS02995	1
NZ_CP072339.1	77049	77080	CCCCGTCAATTCCTTTGAGTTTCACCGTTGCC	43.140	100.000	300.000	0	0.291	2	+	J5A59_RS02995	1
NZ_CP072339.1	77081	77110	GGCGTACTCCCCAGGTGGGATGCTTAATGC	43.990	98.038	292.134	0	0.136	2	+	J5A59_RS02995	1
NZ_CP072339.1	77136	77165	GCCAACGGCGGGCATCCATCGTTTACCGTG	46.550	98.824	284.648	0	0.179	2	+	J5A59_RS02995	1
NZ_CP072339.1	77166	77201	CGGACTACCAGGGTATCTAATCCTGTTCGATACCCG	42.770	98.385	297.847	0	0.167	2	+	J5A59_RS02995	1
NZ_CP072339.1	77202	77234	CACCTTCGAGCTTAAGCGTCAGTAACACTCCCG	43.130	100.000	300.000	0	0.243	2	+	J5A59_RS02995	1
NZ_CP072339.1	77235	77264	CAGGCTGCCTTCGCGATCGGAGTTCCTCAT	45.040	100.000	299.463	0	0.191	2	+	J5A59_RS02995	1
NZ_CP072339.1	77267	77303	TATCTAAGCATTTCACCGCTACACCATGAATTCCGCC	42.880	100.000	300.000	0	0.200	2	+	J5A59_RS02995	1
NZ_CP072339.1	77304	77333	TGCGCTGCGTGTACTCAAGTCTGACAGTTC	42.200	97.117	294.080	0	0.309	2	+	J5A59_RS02995	1
NZ_CP072339.1	77351	77387	TTGAGCACCTAAATTTCACAACACGCTTAACAGACCG	42.180	100.000	300.000	0	0.237	2	+	J5A59_RS02995	1
NZ_CP072339.1	77391	77427	ACACTCCCTTTAAACCCAATAAATCCGGATAACGCCC	42.820	97.615	297.615	0	0.293	2	+	J5A59_RS02995	1
NZ_CP072339.1	77428	77457	GGACCTTCCGTATTACCGCGGCTGCTGGCA	46.850	100.000	295.897	0	0.221	2	+	J5A59_RS02995	1
NZ_CP072339.1	77458	77493	CGGAATTAGCCGGTCCTTATTCATGAGGTACATGCA	42.550	100.000	297.517	0	0.231	2	+	J5A59_RS02995	1
NZ_CP072339.1	77494	77523	ATGGCGCACACGTGCGCCACTTTATTCCCA	46.110	99.494	295.721	0	0.005	2	+	J5A59_RS02995	1
NZ_CP072339.1	77524	77559	CATAAAAGCAGTTTACAACCCATAGGGCCGTCATCC	42.110	100.000	300.000	0	0.142	2	+	J5A59_RS02995	1
NZ_CP072339.1	77560	77589	TGCACGCTACTTGGCTGGTTCAGACTTGCG	44.300	100.000	300.000	0	0.324	2	+	J5A59_RS02995	1
NZ_CP072339.1	77590	77622	TCCATTGACCAATATTCCTCACTGCTGCCTCCC	42.950	100.000	299.384	0	0.319	2	+	J5A59_RS02995	1
NZ_CP072339.1	77623	77657	GTAGGAGTTTGGACCGTGTCTCAGTTCCAATGTGG	42.900	98.612	292.725	0	0.247	2	+	J5A59_RS02995	1
NZ_CP072339.1	77658	77688	GGGACCTTCCTCTCAGAACCCCTACTGATCG	42.110	97.398	286.956	0	0.234	2	+	J5A59_RS02995	1
NZ_CP072339.1	77697	77726	GTGGGCCGTTGCCCCGCCAACTAGCTAATC	46.050	98.550	286.373	0	0.115	2	+	J5A59_RS02995	1
NZ_CP072339.1	77759	77795	TTGTTTCATATCGGATGCCGTCAATGAAACACATCGG	42.200	100.000	298.932	0	0.143	2	+	J5A59_RS02995	1
NZ_CP072339.1	77796	77827	GTATTAGGCCGTCTTTCAACGGGGTATCCCCA	42.620	99.423	299.423	0	0.121	2	+	J5A59_RS02995	1
NZ_CP072339.1	77828	77858	AGTAAGGGGCAGGTTGGATACGCGATACTCA	42.120	100.000	300.000	0	0.356	2	+	J5A59_RS02995	1
NZ_CP072339.1	77862	77891	GTGCGCCGGTCGACGTCCAGAATGTGCAAG	46.290	96.024	290.562	0	0.249	2	+	J5A59_RS02995	1
NZ_CP072339.1	77892	77923	CACATAATGCCGTTTCCCCACGACTTGCATGT	42.860	100.000	300.000	0	0.252	2	+	J5A59_RS02995	1
NZ_CP072339.1	77924	77954	GTTAAGCCTGTAGCCAGCGTTCATCCTGAGC	42.400	99.843	298.813	0	0.270	2	+	J5A59_RS02995	1
NZ_CP072339.1	82915	82944	GGGACTTGAACCCGCACAGCCATTACTGGC	44.580	98.801	0.000	0	0.268	0	+	J5A59_RS03015	1
NZ_CP072339.1	82946	82982	AAGGGATTTTAAGTCCCTCGTGTCTACCAATTCCACC	42.290	100.000	0.000	0	0.125	0	+	J5A59_RS03015	1
NZ_CP072339.1	419172	419201	AACCAGCGACCCCTACGTCCCGAACGTAGT	45.450	97.110	0.000	0	0.152	0	+	J5A59_RS04490	1
NZ_CP072339.1	431057	431088	CCACGACTTGCATGTGTTAAGCCTGTAGCCAG	42.590	100.000	300.000	0	0.226	2	-	J5A59_RS04550	1
NZ_CP072339.1	431089	431122	CGTCCAGAATGTGCAAGCACATAATGCCGTTTCC	43.230	99.453	295.075	0	0.111	2	-	J5A59_RS04550	1
NZ_CP072339.1	431124	431153	GATACGCGATACTCACCCGTGCGCCGGTCG	46.800	96.141	287.899	0	0.137	2	-	J5A59_RS04550	1
NZ_CP072339.1	431154	431183	ACGGGGTATCCCCAAGTAAGGGGCAGGTTG	44.650	96.674	296.356	0	0.060	2	-	J5A59_RS04550	1
NZ_CP072339.1	431184	431220	CGTCAATGAAACACATCGGGTATTAGGCCGTCTTTCA	42.870	100.000	300.000	0	0.192	2	-	J5A59_RS04550	1
NZ_CP072339.1	431243	431272	TCAGACGCATCCCCATCCCTTACCGGAAAA	42.840	100.000	298.793	0	0.309	2	-	J5A59_RS04550	1
NZ_CP072339.1	431288	431317	TACTGATCGTCGCCTTGGTGGGCCGTTGCC	46.980	97.620	297.620	0	0.141	2	-	J5A59_RS04550	1
NZ_CP072339.1	431338	431367	TTTGGACCGTGTCTCAGTTCCAATGTGGGG	42.150	94.449	290.466	0	0.179	2	-	J5A59_RS04550	1
NZ_CP072339.1	431368	431399	CCAATATTCCTCACTGCTGCCTCCCGTAGGAG	42.790	100.000	300.000	0	0.177	2	-	J5A59_RS04550	1
NZ_CP072339.1	431400	431429	ACTTGGCTGGTTCAGACTTGCGTCCATTGA	42.110	99.776	299.776	0	0.143	2	-	J5A59_RS04550	1
NZ_CP072339.1	431430	431459	ACAACCCATAGGGCCGTCATCCTGCACGCT	46.510	97.096	296.143	0	0.215	2	-	J5A59_RS04550	1
NZ_CP072339.1	431460	431494	ACGTGCGCCACTTTATTCCCACATAAAAGCAGTTT	42.520	100.000	300.000	0	0.247	2	-	J5A59_RS04550	1
NZ_CP072339.1	431495	431528	GGTCCTTATTCATGAGGTACATGCAATGGCGCAC	42.580	99.708	299.708	0	0.211	2	-	J5A59_RS04550	1
NZ_CP072339.1	431529	431558	ATTACCGCGGCTGCTGGCACGGAATTAGCC	46.020	97.596	294.778	0	0.300	2	-	J5A59_RS04550	1
NZ_CP072339.1	431559	431588	ATAAATCCGGATAACGCCCGGACCTTCCGT	42.820	96.813	284.647	0	0.126	2	-	J5A59_RS04550	1
NZ_CP072339.1	431589	431622	GCTTAACAGACCGCCTACACTCCCTTTAAACCCA	42.780	100.000	300.000	0	0.439	2	-	J5A59_RS04550	1
NZ_CP072339.1	431628	431664	CGCGCTGCAAGTTAAATGTTGAGCACCTAAATTTCAC	42.110	100.000	300.000	0	0.205	2	-	J5A59_RS04550	1
NZ_CP072339.1	431665	431694	CTGCGCTGCGTGTACTCAAGTCTGACAGTT	42.220	98.481	295.213	0	0.206	2	-	J5A59_RS04550	1
NZ_CP072339.1	431695	431728	TCTAAGCATTTCACCGCTACACCATGAATTCCGC	42.160	97.673	296.635	0	0.264	2	-	J5A59_RS04550	1
NZ_CP072339.1	431729	431759	GCTGCCTTCGCGATCGGAGTTCCTCATGATA	43.100	100.000	300.000	0	0.101	2	-	J5A59_RS04550	1
NZ_CP072339.1	431760	431789	CGAGCTTAAGCGTCAGTAACACTCCCGCAG	42.270	100.000	298.485	0	0.294	2	-	J5A59_RS04550	1
NZ_CP072339.1	431790	431823	CAGGGTATCTAATCCTGTTCGATACCCGCACCTT	42.080	99.929	298.186	0	0.137	2	-	J5A59_RS04550	1
NZ_CP072339.1	431824	431853	CGGGCATCCATCGTTTACCGTGCGGACTAC	44.010	99.025	289.572	0	0.270	2	-	J5A59_RS04550	1
NZ_CP072339.1	431864	431893	TTAATGCTTTCGCTTGGCCGCAGGCGCAGG	46.810	98.454	298.454	0	0.088	2	-	J5A59_RS04550	1
NZ_CP072339.1	431900	431929	TTTCACCGTTGCCGGCGTACTCCCCAGGTG	46.960	96.876	295.757	0	0.061	2	-	J5A59_RS04550	1
NZ_CP072339.1	431947	431978	TAAACCACATGTTCCTCCGCTTGTGCGGGCCC	46.980	100.000	300.000	0	0.032	2	-	J5A59_RS04550	1
NZ_CP072339.1	431979	432009	CCCGGGTAAGGTTCCTCGCGTATCATCGAAT	42.800	98.737	291.729	0	0.235	2	-	J5A59_RS04550	1
NZ_CP072339.1	432010	432039	CGTCTCTGTGGGCTGCGACTGCAATTCAAG	43.080	98.640	188.872	0	0.240	0	-	J5A59_RS04550	1
NZ_CP072339.1	432043	432072	AGCACCTTCACAGACGCCCCGAAGGGAAGC	46.880	100.000	296.071	0	0.190	2	-	J5A59_RS04550	1
NZ_CP072339.1	432073	432102	CCTCACGGCACGAGCTGACGACAACCATGC	46.020	98.092	294.739	0	0.265	2	-	J5A59_RS04550	1
NZ_CP072339.1	432103	432132	GTTGCGCTCGTTATGGCACTTAAGCCGACA	42.890	98.339	294.875	0	0.404	2	-	J5A59_RS04550	1
NZ_CP072339.1	432133	432162	GGCATCACCCGATGGCAACTGGGAAAGGGG	46.080	99.513	296.221	0	0.275	2	-	J5A59_RS04550	1
NZ_CP072339.1	432183	432212	TCATCCCCACCTTCCTCGCACCTTGCGGTG	46.760	98.075	298.075	0	0.053	2	-	J5A59_RS04550	1
NZ_CP072339.1	432213	432242	CCCGGACGTAAGGGCCGTGCTGATTTGACG	45.780	99.687	294.410	0	0.300	2	-	J5A59_RS04550	1
NZ_CP072339.1	432243	432274	CTCTGTACCGGCCATTGTAACACGTGTGTAGC	42.140	99.320	299.320	0	0.244	2	-	J5A59_RS04550	1
NZ_CP072339.1	432275	432306	CAAGATTGGATGCAACTTGCATTGCACCGTCC	42.370	100.000	300.000	0	0.089	2	-	J5A59_RS04550	1
NZ_CP072339.1	432307	432336	CAGACCCCAGTCCGAACTGGGACCGGATTT	44.610	95.779	290.431	0	0.102	2	-	J5A59_RS04550	1
NZ_CP072339.1	432337	432366	TAGCGAATCCAGCTTCGTGGGGTCGGGTTG	45.020	98.103	294.477	0	0.240	2	-	J5A59_RS04550	1
NZ_CP072339.1	432367	432396	TTCACCGCGCCATGGCTGATGCGCGATTAC	46.370	99.474	293.268	0	0.073	2	-	J5A59_RS04550	1
NZ_CP072339.1	432407	432436	CATGGCTTGACGGGCGGTGTGTACAAGGCC	46.280	99.940	297.139	0	0.334	2	-	J5A59_RS04550	1
NZ_CP072339.1	432444	432473	CTCCTCGCGGTCACGAACTTCAGGCACCCC	46.860	99.464	299.464	0	0.186	2	-	J5A59_RS04550	1
NZ_CP072339.1	432474	432503	AGCCCCAATCACCGGTCTTGCCCTAGGTCG	46.330	97.184	296.677	0	0.284	2	-	J5A59_RS04550	1
NZ_CP072339.1	432504	432534	ACCTTCCGGTACGGCTACCTTGTTACGACTT	42.280	95.125	295.125	0	0.145	2	-	J5A59_RS04550	1
NZ_CP072339.1	432721	432752	CATTATCAGTGTGGCGCTCTAACCAGCTGAGC	42.310	98.606	92.534	0	0.230	0	-	J5A59_RS04555	1
NZ_CP072339.1	432753	432782	TCCCAGGCAGACTTGAACTGCCGACCTCCA	45.870	100.000	100.000	0	0.269	0	-	J5A59_RS04555	1
NZ_CP072339.1	432808	432838	GCAGGTGCTCTAGCCAACTGAGCTAATCCCC	43.430	99.636	99.319	0	0.259	0	-	J5A59_RS04560	1
NZ_CP072339.1	433105	433134	CTTCATCGCCTCCGTGAGCCAAGGCATCCG	45.740	96.256	295.445	0	0.177	2	-	J5A59_RS04565	1
NZ_CP072339.1	433135	433164	TACCCGGGGCTTATCGCAGCTTGACACGTC	44.970	98.134	297.469	0	0.327	2	-	J5A59_RS04565	1
NZ_CP072339.1	433165	433196	CGGAAATCCCCGGATCAGAGATTGCTTGCATC	42.470	100.000	300.000	0	0.141	2	-	J5A59_RS04565	1
NZ_CP072339.1	433197	433227	GCACTCCTTCAGAGTGCTGGGTTGTCCCATT	43.560	100.000	300.000	0	0.054	2	-	J5A59_RS04565	1
NZ_CP072339.1	433237	433270	GTTTCAGTTCCCTGCGTTAGCCTCCTGAACAAAA	42.220	100.000	300.000	0	0.129	2	-	J5A59_RS04565	1
NZ_CP072339.1	433311	433340	CTACTCCCCGTTCGCTCGCCACTACTGGGG	46.060	99.584	298.273	0	0.259	2	-	J5A59_RS04565	1
NZ_CP072339.1	433371	433400	CAGGGTACGACGGCGTGGTCCTACAACCCC	46.390	98.124	285.469	0	0.227	2	-	J5A59_RS04565	1
NZ_CP072339.1	433401	433437	GCTACGGTTGAACTTTCCAGAACATTCTCCTCACACC	42.990	99.949	297.180	0	0.158	2	-	J5A59_RS04565	1
NZ_CP072339.1	433438	433467	CCTCATGCTTCGGATACGGGACTGTCACCC	43.260	99.942	288.374	0	0.231	2	-	J5A59_RS04565	1
NZ_CP072339.1	433468	433497	CTCCGCGCTACTCAGGATACCACTACGCCC	44.420	97.460	297.460	0	0.359	2	-	J5A59_RS04565	1
NZ_CP072339.1	433498	433527	GCCCGGCAGATTCACGCAGAATTACTCGTG	42.960	100.000	300.000	0	0.206	2	-	J5A59_RS04565	1
NZ_CP072339.1	433528	433557	CTCACGGGAGTATTTAGCCTTGCCGGATGG	42.070	99.411	296.654	0	0.264	2	-	J5A59_RS04565	1
NZ_CP072339.1	433558	433590	ACCTTTCCCTCACGGTACTGGTACACTATCGGT	42.850	97.172	284.912	0	0.134	2	-	J5A59_RS04565	1
NZ_CP072339.1	433601	433637	CGCATGGTTTCAGGAACTGTTTCACTCTCCTAATTGG	42.030	98.541	293.923	0	0.140	2	-	J5A59_RS04565	1
NZ_CP072339.1	433638	433673	CGTCACATACAAGAATATGCTCCGACCGCTTGTAGG	42.800	100.000	297.919	0	0.177	2	-	J5A59_RS04565	1
NZ_CP072339.1	433674	433708	TGGTAACTCGTAGGTTCATTATGCAAAAGGCACGC	42.160	100.000	300.000	0	0.216	2	-	J5A59_RS04565	1
NZ_CP072339.1	433712	433741	ATACGGGGCTGAGCCCCTTAACCTCGCTGG	46.200	97.296	296.614	0	0.049	2	-	J5A59_RS04565	1
NZ_CP072339.1	433743	433772	AACGCCCTCTTCAGGCTCGCTTTCACTGCG	45.770	95.912	295.911	0	0.247	2	-	J5A59_RS04565	1
NZ_CP072339.1	433773	433802	ACTTGGTTTCGCGTCTACCCCACCCAACTG	43.720	99.979	299.979	0	0.396	2	-	J5A59_RS04565	1
NZ_CP072339.1	433803	433839	CGTGTTACCGGAACTTCAACCTGGTCAAGTGTAGATC	42.610	90.502	288.788	0	0.181	2	-	J5A59_RS04565	1
NZ_CP072339.1	433840	433869	TTCAACGCTTATCCGTGCGGTCCTCCATTC	42.280	98.444	298.444	0	0.246	2	-	J5A59_RS04565	1
NZ_CP072339.1	433870	433904	CCTTTCACTCCTACACTCAACTCATCGGGAAGCTT	42.330	100.000	300.000	0	0.343	2	-	J5A59_RS04565	1
NZ_CP072339.1	433905	433938	TCGGGGAGTACGAGCTATCTCCAAGTTTGATTGG	42.140	97.352	297.352	0	0.216	2	-	J5A59_RS04565	1
NZ_CP072339.1	433939	433968	AGAACATCGCACGCGGCACCTAAATGCCTT	44.320	99.850	299.850	0	0.271	2	-	J5A59_RS04565	1
NZ_CP072339.1	433969	433999	CTTGACCTATCGGTCGCTCTACCTCTCACGG	42.250	99.888	296.415	0	0.046	2	-	J5A59_RS04565	1
NZ_CP072339.1	434003	434032	AGTTCGTCAGGTCGCGACAGGCGGTGAAGC	46.850	97.775	297.775	0	0.172	2	-	J5A59_RS04565	1
NZ_CP072339.1	434033	434062	ACTGCACGACTACGGTCCGTGAGCATTCGG	44.940	98.576	297.465	0	0.187	2	-	J5A59_RS04565	1
NZ_CP072339.1	434070	434099	TCTCCTCTCGGGGACGGACCTTAGCACCCG	46.700	97.719	297.719	0	0.154	2	-	J5A59_RS04565	1
NZ_CP072339.1	434100	434132	AATTTCGGGACCTTAGACGACGGTCAGGATTCT	42.030	98.603	292.321	0	0.239	2	-	J5A59_RS04565	1
NZ_CP072339.1	434133	434169	TCACCGGGACCAGACTTCGTTAGACTAACTTAGACAG	42.450	99.868	285.872	0	0.117	2	-	J5A59_RS04565	1
NZ_CP072339.1	434170	434199	ATGGCTGCTTCCAAGCCAACATCCTAGCTG	42.540	98.032	295.062	0	0.179	2	-	J5A59_RS04565	1
NZ_CP072339.1	434200	434233	TCGACCAGTGAGCTGTTACGCACTCTTTGAATGA	42.570	99.943	295.761	0	0.150	2	-	J5A59_RS04565	1
NZ_CP072339.1	434234	434264	TCATACCCGATTATTATCCACGCCCGGACCC	42.620	94.554	293.168	0	0.365	2	-	J5A59_RS04565	1
NZ_CP072339.1	434265	434294	AATGCTATCCCGCGCCTTCGGTATCTGACT	42.800	96.799	296.799	0	0.133	2	-	J5A59_RS04565	1
NZ_CP072339.1	434298	434334	GCGCACATGGAATGCTCCCCTACCGATACTTTATATA	42.080	99.952	299.952	0	0.167	2	-	J5A59_RS04565	1
NZ_CP072339.1	434335	434365	GCGCTCCAGGATCTGTCACCATCACCATTCT	43.220	100.000	300.000	0	0.252	2	-	J5A59_RS04565	1
NZ_CP072339.1	434414	434443	CCCGGGAAACCTTAGTCTTGCGGCGAGGGG	46.920	98.399	297.662	0	0.227	2	-	J5A59_RS04565	1
NZ_CP072339.1	434450	434479	CTTAGGACCCGACTGACCCCGGGCTGACTG	45.980	99.259	296.426	0	0.282	2	-	J5A59_RS04565	1
NZ_CP072339.1	434483	434512	GTGTATGCCATCGCCTTCGCCGTTCGGCTG	46.290	100.000	296.731	0	0.046	2	-	J5A59_RS04565	1
NZ_CP072339.1	434513	434543	CGCTGAATGGGCAAGTCACGGAATGTTCACC	43.240	100.000	300.000	0	0.312	2	-	J5A59_RS04565	1
NZ_CP072339.1	434549	434578	AAGGGCGCGACAGTGTCACTGCTCCGTCTC	46.570	96.879	296.250	0	0.225	2	-	J5A59_RS04565	1
NZ_CP072339.1	434579	434608	AAGCCTAAAGCCTTCAACGCCCATGTCCGT	43.870	99.530	296.428	0	0.214	2	-	J5A59_RS04565	1
NZ_CP072339.1	434609	434638	CTCCGGGTGTGGATTTGCCTGCACCCATCA	45.620	98.943	298.943	0	0.211	2	-	J5A59_RS04565	1
NZ_CP072339.1	434667	434696	TATGGTTACCTGTGCTGTCGGTCCGCCCCG	46.310	95.987	295.987	0	0.162	2	-	J5A59_RS04565	1
NZ_CP072339.1	434697	434732	TGCCCAAACATTGAGCTTAGCGGATTTTCTTGGAAG	42.510	100.000	300.000	0	0.205	2	-	J5A59_RS04565	1
NZ_CP072339.1	434733	434762	CGACTACGTGTGTCCGTTTGCGGTACGGGT	44.980	100.000	293.482	0	0.054	2	-	J5A59_RS04565	1
NZ_CP072339.1	434774	434810	GCCTAGTTCCTTAACCATGAATCTCTCAACGCCTCAG	42.510	100.000	300.000	0	0.113	2	-	J5A59_RS04565	1
NZ_CP072339.1	434811	434841	ACCCCTTATTCCGAGGTTACGGGGTCAGTTT	42.340	94.420	259.466	0	0.209	2	-	J5A59_RS04565	1
NZ_CP072339.1	434848	434883	CAGTTGCCTGGACCTATTCTCTGCGCCTCATATTAT	42.300	97.937	291.269	0	0.089	2	-	J5A59_RS04565	1
NZ_CP072339.1	434891	434925	ACATCATCTTTCGAGTTTGCACAGCCCTGTGTTTT	42.330	100.000	128.117	0	0.124	2	-	J5A59_RS04565	1
NZ_CP072339.1	434932	434961	TTAACCTTCCGGCACCGGGCAGGTGTCAGG	46.760	98.664	298.664	0	0.099	2	-	J5A59_RS04565	1
NZ_CP072339.1	434962	434991	AGGCCTTCGACCGAAGTCTGAGCCCTCCTC	45.620	98.255	298.255	0	0.170	2	-	J5A59_RS04565	1
NZ_CP072339.1	434992	435021	TACGGCCGCCGTTTACCGGGGCTTCAATTC	45.750	97.155	293.930	0	0.131	2	-	J5A59_RS04565	1
NZ_CP072339.1	435023	435059	CCCGACAAGGAATTTCGCTACCTTAGGACCGTTATAG	42.190	100.000	296.429	0	0.206	2	-	J5A59_RS04565	1
NZ_CP072339.1	435060	435094	CGGATCATTACACCATTCGTGCAGGTCGGAACTTA	42.770	100.000	300.000	0	0.219	2	-	J5A59_RS04565	1
NZ_CP072339.1	435120	435156	GCGGGTAATCGGCATCTTCACCGATACTACAATTTCA	42.660	100.000	300.000	0	0.180	2	-	J5A59_RS04565	1
NZ_CP072339.1	435157	435190	GCAGTAAAGGTTCACGGGGTCTTTTCGTCCCATC	43.530	98.580	298.580	0	0.213	2	-	J5A59_RS04565	1
NZ_CP072339.1	435191	435222	ACACATCGGATGACCAAGGTCAGTGCTAAGCT	42.670	100.000	300.000	0	0.193	2	-	J5A59_RS04565	1
NZ_CP072339.1	435248	435277	CAAGGATGGCTCCACGAACACTGGCGTGCG	46.270	97.712	194.400	0	0.201	2	-	J5A59_RS04565	1
NZ_CP072339.1	435278	435307	TAGACCCCGGACAGCCAAAGGGCCGTATTT	44.540	100.000	297.549	0	0.263	2	-	J5A59_RS04565	1
NZ_CP072339.1	435315	435344	AAACTGCCCACCAAGCAGTGTCCCCGCAAC	46.360	100.000	300.000	0	0.203	2	-	J5A59_RS04565	1
NZ_CP072339.1	435345	435374	GTTACGCTTTTGGAGGCGACCACCCCAGTC	44.250	100.000	299.716	0	0.265	2	-	J5A59_RS04565	1
NZ_CP072339.1	435379	435409	TACCAATCGGCCCGAGGGCACCTTTGGAAGC	46.810	99.684	296.605	0	0.164	2	-	J5A59_RS04565	1
NZ_CP072339.1	435410	435439	CCTTATGCCATTGCACTCCATGAGGCCGGT	44.050	98.030	295.557	0	0.223	2	-	J5A59_RS04565	1
NZ_CP072339.1	435441	435470	TGCTCGGCATGTCTGCCTCCCAGTCAAGCG	46.990	99.026	297.264	0	0.156	2	-	J5A59_RS04565	1
NZ_CP072339.1	435471	435500	CACCGGATCACTATGCCCCAGTTTCCTGCC	43.960	98.409	298.409	0	0.174	2	-	J5A59_RS04565	1
NZ_CP072339.1	435509	435545	CGGAGTACCTTTTATCCTTTGAGCGATGCAGTTTCCA	42.780	100.000	300.000	0	0.077	2	-	J5A59_RS04565	1
NZ_CP072339.1	435565	435594	AAACCACCCCGTCGATATGAGCTCTTGGGG	43.200	99.010	298.735	0	0.264	2	-	J5A59_RS04565	1
NZ_CP072339.1	435595	435624	CAGGATGTGACGAGCCGACATCGAGGTGCC	45.250	100.000	299.607	0	0.297	2	-	J5A59_RS04565	1
NZ_CP072339.1	435626	435655	ACAGCCCAACCCTTGGGACCTTCTCCAGCC	46.660	100.000	300.000	0	0.134	2	-	J5A59_RS04565	1
NZ_CP072339.1	435656	435686	AACCCAGCTCGCGTGCCACTTTAATGGGCGA	46.970	100.000	300.000	0	0.234	2	-	J5A59_RS04565	1
NZ_CP072339.1	435687	435723	ACGATAGATAGAGACCGAACTGTCTCACGACGTTCTG	42.490	100.000	283.838	0	0.120	2	-	J5A59_RS04565	1
NZ_CP072339.1	435726	435755	TAGTGGCGGAACCACGCAAAACTCCAGCGC	46.110	100.000	298.528	0	0.242	2	-	J5A59_RS04565	1
NZ_CP072339.1	435756	435785	GGAGGTCTGTCCACCACGGTCCTCTCGTAC	43.980	95.690	295.690	0	0.181	2	-	J5A59_RS04565	1
NZ_CP072339.1	435813	435842	TTATCCATGCCAGACTCGGCTACCCGGCGG	46.260	96.669	293.155	0	0.186	2	-	J5A59_RS04565	1
NZ_CP072339.1	435843	435872	GAAGGCTTCGCGCTTAGATGCTTTCAGCGC	43.630	97.339	297.339	0	0.061	2	-	J5A59_RS04565	1
NZ_CP072339.1	435873	435909	GTCTGTGACGACCCTAATGAGGAGTTCTAATCTTGCG	42.230	96.733	296.733	0	0.166	2	-	J5A59_RS04565	1
NZ_CP072339.1	435910	435942	CCGTCTATACACCTGCACCCTATCCACGTCATC	42.390	100.000	292.331	0	0.432	2	-	J5A59_RS04565	1
NZ_CP072339.1	435943	435973	GGGCTATTAGTAGTGCTCGGCTGTGACGTCG	43.110	99.121	299.121	0	0.317	2	-	J5A59_RS04565	1
NZ_CP072339.1	436097	436126	GAAGAGGTGGAACCCCGGCGCAATGACCAC	45.970	99.647	295.169	0	0.332	2	-	J5A59_RS04570	1
NZ_CP072339.1	436127	436158	GCAACCGGGCTTAACTTCTCTGTTCGGAATGG	42.630	100.000	300.000	0	0.286	2	-	J5A59_RS04570	1
NZ_CP072339.1	436159	436188	TCTCCCGCATTGCATTGCAGTACCATCGGC	44.420	98.492	296.106	0	0.202	2	-	J5A59_RS04570	1
NZ_CP072339.1	436973	437002	GCTCCAGGATGGGCTTGAACCAACGACCCC	45.760	99.123	0.000	0	0.255	0	-	J5A59_RS04575	1
NZ_CP072339.1	597524	597560	ACCAAAACCTGTTGTGCTACCATTACACCATAGGACA	42.400	100.000	0.000	0	0.148	0	+	J5A59_RS05200	1
NZ_CP072339.1	608130	608161	GGATGGATTGCTCCACTGGTGTTTGAGACCAG	42.210	100.000	0.000	0	0.070	0	-	J5A59_RS05250	1
NZ_CP072339.1	644175	644206	GGGCTTGAACCAGGGACCTCCAGATTATGAGT	42.520	99.752	98.985	0	0.227	2	+	J5A59_RS05405	1
NZ_CP072339.1	881299	881330	CCACGACTTGCATGTGTTAAGCCTGTAGCCAG	42.590	100.000	300.000	0	0.226	2	-	J5A59_RS06265	1
NZ_CP072339.1	881331	881364	CGTCCAGAATGTGCAAGCACATAATGCCGTTTCC	43.230	99.453	295.075	0	0.111	2	-	J5A59_RS06265	1
NZ_CP072339.1	881366	881395	GATACGCGATACTCACCCGTGCGCCGGTCG	46.800	96.141	287.899	0	0.137	2	-	J5A59_RS06265	1
NZ_CP072339.1	881396	881425	ACGGGGTATCCCCAAGTAAGGGGCAGGTTG	44.650	96.674	296.356	0	0.060	2	-	J5A59_RS06265	1
NZ_CP072339.1	881426	881462	CGTCAATGAAACACATCGGGTATTAGGCCGTCTTTCA	42.870	100.000	300.000	0	0.192	2	-	J5A59_RS06265	1
NZ_CP072339.1	881485	881514	TCAGACGCATCCCCATCCCTTACCGGAAAA	42.840	100.000	298.793	0	0.309	2	-	J5A59_RS06265	1
NZ_CP072339.1	881530	881559	TACTGATCGTCGCCTTGGTGGGCCGTTGCC	46.980	97.620	297.620	0	0.141	2	-	J5A59_RS06265	1
NZ_CP072339.1	881580	881609	TTTGGACCGTGTCTCAGTTCCAATGTGGGG	42.150	94.449	290.466	0	0.179	2	-	J5A59_RS06265	1
NZ_CP072339.1	881610	881641	CCAATATTCCTCACTGCTGCCTCCCGTAGGAG	42.790	100.000	300.000	0	0.177	2	-	J5A59_RS06265	1
NZ_CP072339.1	881642	881671	ACTTGGCTGGTTCAGACTTGCGTCCATTGA	42.110	99.776	299.776	0	0.143	2	-	J5A59_RS06265	1
NZ_CP072339.1	881672	881701	ACAACCCATAGGGCCGTCATCCTGCACGCT	46.510	97.096	296.143	0	0.215	2	-	J5A59_RS06265	1
NZ_CP072339.1	881702	881736	ACGTGCGCCACTTTATTCCCACATAAAAGCAGTTT	42.520	100.000	300.000	0	0.247	2	-	J5A59_RS06265	1
NZ_CP072339.1	881737	881770	GGTCCTTATTCATGAGGTACATGCAATGGCGCAC	42.580	99.708	299.708	0	0.211	2	-	J5A59_RS06265	1
NZ_CP072339.1	881771	881800	ATTACCGCGGCTGCTGGCACGGAATTAGCC	46.020	97.596	294.778	0	0.300	2	-	J5A59_RS06265	1
NZ_CP072339.1	881801	881830	ATAAATCCGGATAACGCCCGGACCTTCCGT	42.820	96.813	284.647	0	0.126	2	-	J5A59_RS06265	1
NZ_CP072339.1	881831	881864	GCTTAACAGACCGCCTACACTCCCTTTAAACCCA	42.780	100.000	300.000	0	0.439	2	-	J5A59_RS06265	1
NZ_CP072339.1	881870	881906	CGCGCTGCAAGTTAAATGTTGAGCACCTAAATTTCAC	42.110	100.000	300.000	0	0.205	2	-	J5A59_RS06265	1
NZ_CP072339.1	881907	881936	CTGCGCTGCGTGTACTCAAGTCTGACAGTT	42.220	98.481	295.213	0	0.206	2	-	J5A59_RS06265	1
NZ_CP072339.1	881937	881970	TCTAAGCATTTCACCGCTACACCATGAATTCCGC	42.160	97.673	296.635	0	0.264	2	-	J5A59_RS06265	1
NZ_CP072339.1	881971	882001	GCTGCCTTCGCGATCGGAGTTCCTCATGATA	43.100	100.000	300.000	0	0.101	2	-	J5A59_RS06265	1
NZ_CP072339.1	882002	882031	CGAGCTTAAGCGTCAGTAACACTCCCGCAG	42.270	100.000	298.485	0	0.294	2	-	J5A59_RS06265	1
NZ_CP072339.1	882032	882065	CAGGGTATCTAATCCTGTTCGATACCCGCACCTT	42.080	99.929	298.186	0	0.137	2	-	J5A59_RS06265	1
NZ_CP072339.1	882066	882095	CGGGCATCCATCGTTTACCGTGCGGACTAC	44.010	99.025	289.572	0	0.270	2	-	J5A59_RS06265	1
NZ_CP072339.1	882106	882135	TTAATGCTTTCGCTTGGCCGCAGGCGCAGG	46.810	98.454	298.454	0	0.088	2	-	J5A59_RS06265	1
NZ_CP072339.1	882142	882171	TTTCACCGTTGCCGGCGTACTCCCCAGGTG	46.960	96.876	295.757	0	0.061	2	-	J5A59_RS06265	1
NZ_CP072339.1	882189	882220	TAAACCACATGTTCCTCCGCTTGTGCGGGCCC	46.980	100.000	300.000	0	0.032	2	-	J5A59_RS06265	1
NZ_CP072339.1	882221	882251	CCCGGGTAAGGTTCCTCGCGTATCATCGAAT	42.800	98.737	291.729	0	0.235	2	-	J5A59_RS06265	1
NZ_CP072339.1	882252	882281	CGTCTCTGTGGGCAGCGACTGCAATTCAAG	43.080	97.833	193.925	0	0.191	0	-	J5A59_RS06265	1
NZ_CP072339.1	882285	882314	AGCACCTTCACAGACGCCCCGAAGGGAAGC	46.880	100.000	296.071	0	0.190	2	-	J5A59_RS06265	1
NZ_CP072339.1	882315	882344	CCTCACGGCACGAGCTGACGACAACCATGC	46.020	98.092	294.739	0	0.265	2	-	J5A59_RS06265	1
NZ_CP072339.1	882345	882374	GTTGCGCTCGTTATGGCACTTAAGCCGACA	42.890	98.339	294.875	0	0.404	2	-	J5A59_RS06265	1
NZ_CP072339.1	882375	882404	GGCATCACCCGATGGCAACTGGGAAAGGGG	46.080	99.513	296.221	0	0.275	2	-	J5A59_RS06265	1
NZ_CP072339.1	882425	882454	TCATCCCCACCTTCCTCGCACCTTGCGGTG	46.760	98.075	298.075	0	0.053	2	-	J5A59_RS06265	1
NZ_CP072339.1	882455	882484	CCCGGACGTAAGGGCCGTGCTGATTTGACG	45.780	99.687	294.410	0	0.300	2	-	J5A59_RS06265	1
NZ_CP072339.1	882485	882516	CTCTGTACCGGCCATTGTAACACGTGTGTAGC	42.140	99.320	299.320	0	0.244	2	-	J5A59_RS06265	1
NZ_CP072339.1	882517	882548	CAAGATTGGATGCAACTTGCATTGCACCGTCC	42.370	100.000	300.000	0	0.089	2	-	J5A59_RS06265	1
NZ_CP072339.1	882549	882578	CAGACCCCAGTCCGAACTGGGACCGGATTT	44.610	95.779	290.431	0	0.102	2	-	J5A59_RS06265	1
NZ_CP072339.1	882579	882608	TAGCGAATCCAGCTTCGTGGGGTCGGGTTG	45.020	98.103	294.477	0	0.240	2	-	J5A59_RS06265	1
NZ_CP072339.1	882609	882638	TTCACCGCGCCATGGCTGATGCGCGATTAC	46.370	99.474	293.268	0	0.073	2	-	J5A59_RS06265	1
NZ_CP072339.1	882649	882678	CATGGCTTGACGGGCGGTGTGTACAAGGCC	46.280	99.940	297.139	0	0.334	2	-	J5A59_RS06265	1
NZ_CP072339.1	882686	882715	CTCCTCGCGGTCACGAACTTCAGGCACCCC	46.860	99.464	299.464	0	0.186	2	-	J5A59_RS06265	1
NZ_CP072339.1	882716	882745	AGCCCCAATCACCGGTCTTGCCCTAGGTCG	46.330	97.184	296.677	0	0.284	2	-	J5A59_RS06265	1
NZ_CP072339.1	882746	882776	ACCTTCCGGTACGGCTACCTTGTTACGACTT	42.280	95.125	295.125	0	0.145	2	-	J5A59_RS06265	1
NZ_CP072339.1	883191	883220	CTTCATCGCCTCCGTGAGCCAAGGCATCCG	45.740	96.256	295.445	0	0.177	2	-	J5A59_RS06270	1
NZ_CP072339.1	883221	883250	TACCCGGGGCTTATCGCAGCTTGACACGTC	44.970	98.134	297.469	0	0.327	2	-	J5A59_RS06270	1
NZ_CP072339.1	883251	883282	CGGAAATCCCCGGATCAGAGATTGCTTGCATC	42.470	100.000	300.000	0	0.141	2	-	J5A59_RS06270	1
NZ_CP072339.1	883283	883313	GCACTCCTTCAGAGTGCTGGGTTGTCCCATT	43.560	100.000	300.000	0	0.054	2	-	J5A59_RS06270	1
NZ_CP072339.1	883323	883356	GTTTCAGTTCCCTGCGTTAGCCTCCTGAACAAAA	42.220	100.000	300.000	0	0.129	2	-	J5A59_RS06270	1
NZ_CP072339.1	883397	883426	CTACTCCCCGTTCGCTCGCCACTACTGGGG	46.060	99.584	298.273	0	0.259	2	-	J5A59_RS06270	1
NZ_CP072339.1	883457	883486	CAGGGTACGACGGCGTGGTCCTACAACCCC	46.390	98.124	285.469	0	0.227	2	-	J5A59_RS06270	1
NZ_CP072339.1	883487	883523	GCTACGGTTGAACTTTCCAGAACATTCTCCTCACACC	42.990	99.949	297.180	0	0.158	2	-	J5A59_RS06270	1
NZ_CP072339.1	883524	883553	CATCATGCTTCGGATACGGGACTGTCACCC	42.010	98.010	291.641	0	0.226	2	-	J5A59_RS06270	1
NZ_CP072339.1	883554	883583	CTCCGCGCTACTCAGGATACCACTACGCCC	44.420	97.460	297.460	0	0.359	2	-	J5A59_RS06270	1
NZ_CP072339.1	883584	883613	GCCCGGCAGATTCACGCAGAATTACTCGTG	42.960	100.000	300.000	0	0.206	2	-	J5A59_RS06270	1
NZ_CP072339.1	883614	883643	CTCACGGGAGTATTTAGCCTTGCCGGATGG	42.070	99.411	296.654	0	0.264	2	-	J5A59_RS06270	1
NZ_CP072339.1	883644	883676	ACCTTTCCCTCACGGTACTGGTACACTATCGGT	42.850	97.172	284.912	0	0.134	2	-	J5A59_RS06270	1
NZ_CP072339.1	883681	883717	GTTTCAGGAACTGTTTCACTCTCCTAATCGGAGTGCT	42.260	99.260	289.284	0	0.074	2	-	J5A59_RS06270	1
NZ_CP072339.1	883718	883747	GAATATGCTCCGACCGCTTGTAGGCGCATG	42.880	99.292	296.535	0	0.143	2	-	J5A59_RS06270	1
NZ_CP072339.1	883748	883782	GGTTCATTATGCAAAAGGCACGCCGTCACATACAA	42.820	100.000	299.175	0	0.247	2	-	J5A59_RS06270	1
NZ_CP072339.1	883783	883813	CCCTTAACCTCGCTGGGCATGGTAACTCGTA	42.790	100.000	298.888	0	0.307	2	-	J5A59_RS06270	1
NZ_CP072339.1	883814	883843	CTCGCTTTCACTGCGGATACGGGGCTGAGC	45.640	97.031	293.341	0	0.295	2	-	J5A59_RS06270	1
NZ_CP072339.1	883844	883873	TACCCCACCCAACTGAACGCCCTCTTCAGG	44.630	98.914	296.991	0	0.420	2	-	J5A59_RS06270	1
NZ_CP072339.1	883874	883906	CCTGGTCAAGTGTAGATCACTTGGTTTCGCGTC	42.050	96.426	296.147	0	0.135	2	-	J5A59_RS06270	1
NZ_CP072339.1	883907	883938	CGGTCCTCCATTCCGTGTTACCGGAACTTCAA	43.070	97.054	295.698	0	0.168	2	-	J5A59_RS06270	1
NZ_CP072339.1	883939	883971	ACTCATCGGGAAGCTTTTCAACGCTTATCCGTG	42.150	99.036	299.036	0	0.128	2	-	J5A59_RS06270	1
NZ_CP072339.1	883972	884007	TCTCCAAGTTTGATTGGCCTTTCACTCCTACACTCA	42.120	100.000	300.000	0	0.255	2	-	J5A59_RS06270	1
NZ_CP072339.1	884008	884039	GCACCTAAATGCCTTTCGGGGAGTACGAGCTA	42.840	100.000	300.000	0	0.193	2	-	J5A59_RS06270	1
NZ_CP072339.1	884040	884069	CTCTACCTCTCACGGAGAACATCGCACGCG	43.290	97.155	290.134	0	0.279	2	-	J5A59_RS06270	1
NZ_CP072339.1	884070	884099	GGCGGTGAAGCCCTCTTGACCTATCGGTCG	44.990	96.632	296.487	0	0.030	2	-	J5A59_RS06270	1
NZ_CP072339.1	884100	884129	TGAGCATTCGGAGTTCGTCAGGTCGCGACA	44.560	100.000	300.000	0	0.266	2	-	J5A59_RS06270	1
NZ_CP072339.1	884156	884185	TCTCCTCTCGGGGACGGACCTTAGCACCCG	46.700	97.719	297.719	0	0.154	2	-	J5A59_RS06270	1
NZ_CP072339.1	884186	884218	AATTTCGGGACCTTAGACGACGGTCAGGATTCT	42.030	98.603	292.321	0	0.239	2	-	J5A59_RS06270	1
NZ_CP072339.1	884219	884255	TCACCGGGACCAGACTTCGTTAGACTAACTTAGACAG	42.450	99.868	285.872	0	0.117	2	-	J5A59_RS06270	1
NZ_CP072339.1	884256	884285	ATGGCTGCTTCCAAGCCAACATCCTAGCTG	42.540	98.032	295.062	0	0.179	2	-	J5A59_RS06270	1
NZ_CP072339.1	884286	884319	TCGACCAGTGAGCTGTTACGCACTCTTTGAATGA	42.570	99.943	295.761	0	0.150	2	-	J5A59_RS06270	1
NZ_CP072339.1	884320	884350	TCATACCCGATTATTATCCACGCCCGGACCC	42.620	94.554	293.168	0	0.365	2	-	J5A59_RS06270	1
NZ_CP072339.1	884351	884380	AATGCTATCCCGCGCCTTCGGTATCTGACT	42.800	96.799	296.799	0	0.133	2	-	J5A59_RS06270	1
NZ_CP072339.1	884384	884420	GCGCACATGGAATGCTCCCCTACCGATACTTTATATA	42.080	99.952	299.952	0	0.167	2	-	J5A59_RS06270	1
NZ_CP072339.1	884421	884451	GCGCTCCAGGATCTGTCACCATCACCATTCT	43.220	100.000	300.000	0	0.252	2	-	J5A59_RS06270	1
NZ_CP072339.1	884500	884529	CCCGGGAAACCTTAGTCTTGCGGCGAGGGG	46.920	98.399	297.662	0	0.227	2	-	J5A59_RS06270	1
NZ_CP072339.1	884536	884565	CTTAGGACCCGACTGACCCCGGGCTGACTG	45.980	99.259	296.426	0	0.282	2	-	J5A59_RS06270	1
NZ_CP072339.1	884569	884598	GTGTATGCCATCGCCTTCGCCGTTCGGCTG	46.290	100.000	296.731	0	0.046	2	-	J5A59_RS06270	1
NZ_CP072339.1	884599	884629	CGCTGAATGGGCAAGTCACGGAATGTTCACC	43.240	100.000	300.000	0	0.312	2	-	J5A59_RS06270	1
NZ_CP072339.1	884635	884664	AAGGGCGCGACAGTGTCACTGCTCCGTCTC	46.570	96.879	296.250	0	0.225	2	-	J5A59_RS06270	1
NZ_CP072339.1	884665	884694	AAGCCTAAAGCCTTCAACGCCCATGTCCGT	43.870	99.530	296.428	0	0.214	2	-	J5A59_RS06270	1
NZ_CP072339.1	884695	884724	CTCCGGGTGTGGATTTGCCTGCACCCATCA	45.620	98.943	298.943	0	0.211	2	-	J5A59_RS06270	1
NZ_CP072339.1	884753	884782	TATGGTTACCTGTGCTGTCGGTCCGCCCCG	46.310	95.987	295.987	0	0.162	2	-	J5A59_RS06270	1
NZ_CP072339.1	884783	884818	TGCCCAAACATTGAGCTTAGCGGATTTTCTTGGAAG	42.510	100.000	300.000	0	0.205	2	-	J5A59_RS06270	1
NZ_CP072339.1	884819	884848	CGACTACGTGTGTCCGTTTGCGGTACGGGT	44.980	100.000	293.482	0	0.054	2	-	J5A59_RS06270	1
NZ_CP072339.1	884860	884896	GCCTAGTTCCTTAACCATGAATCTCTCAACGCCTCAG	42.510	100.000	300.000	0	0.113	2	-	J5A59_RS06270	1
NZ_CP072339.1	884897	884926	CCCCTTATCCCGAGGTTACGGGGTCAGTTT	42.660	95.101	177.161	0	0.152	2	-	J5A59_RS06270	1
NZ_CP072339.1	884935	884965	TGCCTGGACCTATTCTCTGCGCCTCGTAAAA	42.760	99.946	279.193	0	0.291	2	-	J5A59_RS06270	1
NZ_CP072339.1	884977	885006	ATCTCGCGAGTTTGCACAGCCCTGTGTTTT	42.790	100.000	252.206	0	0.158	2	-	J5A59_RS06270	1
NZ_CP072339.1	885007	885036	GCACCGGGCAGGTGTCAGGCTGTATACGTC	45.320	98.114	292.917	0	0.208	2	-	J5A59_RS06270	1
NZ_CP072339.1	885037	885067	CCGAAGTCTGAGCCCTCCTCTTAACCTTCCG	42.720	100.000	300.000	0	0.285	2	-	J5A59_RS06270	1
NZ_CP072339.1	885068	885097	GTTTACCGGGGCTTCAATTCAGGCCTTCGA	42.390	98.813	297.841	0	0.353	2	-	J5A59_RS06270	1
NZ_CP072339.1	885098	885129	GCTACCTTAGGACCGTTATAGTTACGGCCGCC	42.810	97.056	294.317	0	0.266	2	-	J5A59_RS06270	1
NZ_CP072339.1	885130	885162	GTGCAGGTCGGAACTTACCCGACAAGGAATTTC	42.310	98.970	298.713	0	0.200	2	-	J5A59_RS06270	1
NZ_CP072339.1	885163	885195	GGTTGAGACAGCGTCCGGATCATTACACCATTC	42.030	99.607	295.296	0	0.294	2	-	J5A59_RS06270	1
NZ_CP072339.1	885206	885242	GCGGGTAATCGGCATCTTCACCGATACTACAATTTCA	42.660	100.000	300.000	0	0.180	2	-	J5A59_RS06270	1
NZ_CP072339.1	885243	885276	GCAGTAAAGGTTCACGGGGTCTTTTCGTCCCATC	43.530	98.580	298.580	0	0.213	2	-	J5A59_RS06270	1
NZ_CP072339.1	885277	885308	ACACATCGGATGACCAAGGTCAGTGCTAAGCT	42.670	100.000	300.000	0	0.193	2	-	J5A59_RS06270	1
NZ_CP072339.1	885334	885363	CAAGGATGGCTCCACGAACACTGGCGTGCG	46.270	97.712	194.400	0	0.201	2	-	J5A59_RS06270	1
NZ_CP072339.1	885364	885393	TAGACCCCGGACAGCCAAAGGGCCGTATTT	44.540	100.000	297.549	0	0.263	2	-	J5A59_RS06270	1
NZ_CP072339.1	885401	885430	AAACTGCCCACCAAGCAGTGTCCCCGCAAC	46.360	100.000	300.000	0	0.203	2	-	J5A59_RS06270	1
NZ_CP072339.1	885431	885460	GTTACGCTTTTGGAGGCGACCACCCCAGTC	44.250	100.000	299.716	0	0.265	2	-	J5A59_RS06270	1
NZ_CP072339.1	885465	885495	TACCAATCGGCCCGAGGGCACCTTTGGAAGC	46.810	99.684	296.605	0	0.164	2	-	J5A59_RS06270	1
NZ_CP072339.1	885496	885525	CCTTATGCCATTGCACTCCATGAGGCCGGT	44.050	98.030	295.557	0	0.223	2	-	J5A59_RS06270	1
NZ_CP072339.1	885527	885556	TGCTCGGCATGTCTGCCTCCCAGTCAAGCG	46.990	99.026	297.264	0	0.156	2	-	J5A59_RS06270	1
NZ_CP072339.1	885557	885586	CACCGGATCACTATGCCCCAGTTTCCTGCC	43.960	98.409	298.409	0	0.174	2	-	J5A59_RS06270	1
NZ_CP072339.1	885595	885631	CGGAGTACCTTTTATCCTTTGAGCGATGCAGTTTCCA	42.780	100.000	300.000	0	0.077	2	-	J5A59_RS06270	1
NZ_CP072339.1	885651	885680	AAACCACCCCGTCGATATGAGCTCTTGGGG	43.200	99.010	298.735	0	0.264	2	-	J5A59_RS06270	1
NZ_CP072339.1	885681	885710	CAGGATGTGACGAGCCGACATCGAGGTGCC	45.250	100.000	299.607	0	0.297	2	-	J5A59_RS06270	1
NZ_CP072339.1	885712	885741	ACAGCCCAACCCTTGGGACCTTCTCCAGCC	46.660	100.000	300.000	0	0.134	2	-	J5A59_RS06270	1
NZ_CP072339.1	885742	885772	AACCCAGCTCGCGTGCCACTTTAATGGGCGA	46.970	100.000	300.000	0	0.234	2	-	J5A59_RS06270	1
NZ_CP072339.1	885773	885809	ACGATAGATAGAGACCGAACTGTCTCACGACGTTCTG	42.490	100.000	283.838	0	0.120	2	-	J5A59_RS06270	1
NZ_CP072339.1	885812	885841	TAGTGGCGGAACCACGCAAAACTCCAGCGC	46.110	100.000	298.528	0	0.242	2	-	J5A59_RS06270	1
NZ_CP072339.1	885842	885871	GGAGGTCTGTCCACCACGGTCCTCTCGTAC	43.980	95.690	295.690	0	0.181	2	-	J5A59_RS06270	1
NZ_CP072339.1	885899	885928	TTATCCATGCCAGACTCGGCTACCCGGCGG	46.260	96.669	293.155	0	0.186	2	-	J5A59_RS06270	1
NZ_CP072339.1	885929	885958	GAAGGCTTCGCGCTTAGATGCTTTCAGCGC	43.630	97.339	297.339	0	0.061	2	-	J5A59_RS06270	1
NZ_CP072339.1	885959	885995	GTCTGTGACGACCCTAATGAGGAGTTCTAATCTTGCG	42.230	96.733	296.733	0	0.166	2	-	J5A59_RS06270	1
NZ_CP072339.1	885996	886028	CCGTCTATACACCTGCACCCTATCCACGTCATC	42.390	100.000	292.331	0	0.432	2	-	J5A59_RS06270	1
NZ_CP072339.1	886029	886059	GGGCTATTAGTAGTGCTCGGCTGTGACGTCG	43.110	99.121	299.121	0	0.317	2	-	J5A59_RS06270	1
NZ_CP072339.1	886193	886222	TTCGGAATGGGAAGAGGTGGAACCCCGGCG	46.630	99.763	295.707	0	0.277	2	-	J5A59_RS06275	1
NZ_CP072339.1	886223	886252	CCATCGGCGCAACCGGGCTTAACTTCTCTG	44.440	100.000	299.477	0	0.219	2	-	J5A59_RS06275	1
NZ_CP072339.1	886253	886284	AGCTACCTACTCTCCCGCATTGCATTGCAGTA	42.570	100.000	298.856	0	0.243	2	-	J5A59_RS06275	1
NZ_CP072339.1	967754	967790	TGGAAATCACTAGATCCTAAGTCTAGCGCGTCTACCA	42.140	100.000	0.000	0	0.182	0	+	J5A59_RS06560	1
NZ_CP072339.1	1001871	1001907	TGACAGGACCAGAATCTGTTGTGTTACCATTACACCA	42.010	98.768	0.000	0	0.079	0	-	J5A59_RS06700	1
NZ_CP072339.1	1017019	1017048	GGGGCTACGATCCCCGGACCTCCGGATTAT	45.390	94.528	0.000	0	0.100	0	+	J5A59_RS06765	1
NZ_CP072339.1	1017049	1017081	GAATCCGACGCTCTAACCAACTGAGCTATCCCG	42.810	100.000	0.000	0	0.341	3	+	J5A59_RS06765	1
NZ_CP072339.1	1078318	1078347	ACTTTCCTCTCGTGTCTTGCAACACCAGCG	42.480	98.751	0.000	0	0.303	0	-	J5A59_RS07000	1
NZ_CP072339.1	1078348	1078377	TTCGGAAGCAGGATACTCTTTGCTGCCCGG	43.650	100.000	0.000	0	0.173	0	-	J5A59_RS07000	1
NZ_CP072339.1	1078389	1078425	GCGGTTGTTTTCTTCTGCCTACATCTACTGTTGCCAA	43.320	100.000	0.000	0	0.168	0	-	J5A59_RS07000	1
NZ_CP072339.1	1078426	1078455	CTACCTTCTCACCCTTGCCTCGTTGCCAAG	42.310	99.898	0.000	0	0.205	0	-	J5A59_RS07000	1
NZ_CP072339.1	1078456	1078485	CAGTCGCCTGCGTGCTGGTAGTCTCTTACA	43.020	99.177	0.000	0	0.165	0	-	J5A59_RS07000	1
NZ_CP072339.1	1078486	1078515	AACTTGCAGCTCCTGAACGGCACAGCCACG	46.150	100.000	0.000	0	0.249	0	-	J5A59_RS07000	1
NZ_CP072339.1	1078516	1078547	GGGCGAGTAACCCTCAGACAACGGTTTACATG	42.060	100.000	0.000	0	0.144	0	-	J5A59_RS07000	1
NZ_CP072339.1	1078548	1078578	GTTCTACCCTCCGTTGTGCCTTGTATGGCTC	42.060	98.570	0.000	0	0.173	0	-	J5A59_RS07000	1
NZ_CP072339.1	1078579	1078615	ATTTATCTAACCGCCGAGTCGCCCCGTGCGTTTTAGC	46.930	99.865	0.000	0	0.086	0	-	J5A59_RS07000	1
NZ_CP072339.1	1078616	1078645	ACCGTCTTTCGGCAAGTAAGGACGCCTGTC	43.600	100.000	0.000	0	0.135	0	-	J5A59_RS07000	1
NZ_CP072339.1	1078646	1078678	GCAGTACTTCTGTAAGCCGGGTCTTGTTTCCCT	42.860	98.901	0.000	0	0.207	0	-	J5A59_RS07000	1
NZ_CP072339.1	1080008	1080037	CGAACTGCTCTACACGGTTTTGCAGACCGT	42.420	100.000	0.000	0	0.138	0	-	J5A59_RS07020	1
NZ_CP072339.1	1288671	1288707	GGGATTCGAACCCTAGACCCACTGATTAAGAGTCAGT	42.690	100.000	100.000	0	0.235	2	-	J5A59_RS07870	1
NZ_CP072339.1	1288776	1288812	CCCTTAGGGATTCGAACCCTAGACCCACTGATTAAGA	42.490	100.000	100.000	0	0.180	2	-	J5A59_RS07875	1
NZ_CP072339.1	1355277	1355307	GTTCGAACCCAAGACCCACAGCTTAGAAGGC	42.370	100.000	0.000	0	0.352	0	+	J5A59_RS08205	1
NZ_CP072339.1	1707869	1707905	CCCACAACCTTCTGATCCGTAGTCAGATGCTCTATTC	42.070	100.000	0.000	0	0.140	0	-	J5A59_RS09750	1
NZ_CP072339.1	1733241	1733270	TGCGTACGGGACTCGAACTCGTGACCTCCT	45.130	98.847	88.439	0	0.264	2	+	J5A59_RS09840	1
NZ_CP072339.1	1733271	1733300	GCGTGACAGGCAGGCATTCTAACCATCTGA	42.170	97.842	97.842	0	0.229	2	+	J5A59_RS09840	1
NZ_CP072339.1	1733362	1733391	TGACCTCCTGCGTGACAGGCAGGCATTCTA	44.370	97.707	97.707	0	0.110	2	+	J5A59_RS09845	1
NZ_CP072339.1	1753854	1753883	CCAGGCTTGGGAAGCCCGTGCACTACCGAT	46.820	98.071	0.000	0	0.116	0	+	J5A59_RS09925	1
NZ_CP072339.1	1753975	1754004	GAACCGGGGACCTACGCATTACGAATGCGT	43.700	98.317	0.000	0	0.041	0	+	J5A59_RS09930	1
NZ_CP072339.1	1789857	1789886	ACCGCCGACCCTCTGCTTGTAAGGCAGATG	45.080	100.000	196.147	0	0.213	0	-	J5A59_RS10085	1
NZ_CP072339.1	1789920	1789949	TACAGTCTGCCCCATTTGGCCACTCTGGAA	43.040	100.000	100.000	0	0.138	0	-	J5A59_RS10090	1
NZ_CP072339.1	1789950	1789984	TGGATTCGAACCACCGAAGCTATAAGCAGCAGATT	42.580	100.000	92.876	0	0.252	0	-	J5A59_RS10090	1
NZ_CP072339.1	1798708	1798737	GAACCTGCGACCACCTGGTCCCAAACCAGG	45.650	98.800	0.000	0	0.094	0	-	J5A59_RS10125	1
NZ_CP072339.1	1798813	1798842	GAACTCGCGACCCCAACCTTGGCAAGGTTG	44.790	100.000	100.000	0	0.085	2	-	J5A59_RS10130	1
NZ_CP072339.1	1798917	1798946	GCACCTGAAACGTGCGCGTCTACCAATTCC	43.400	100.000	0.000	0	0.214	0	-	J5A59_RS10135	1
NZ_CP072339.1	1798947	1798983	CCAGAACAGGACTCGAACCTGCACGTTATAAACACAC	43.030	100.000	0.000	0	0.289	0	-	J5A59_RS10135	1
NZ_CP072339.1	1799047	1799079	CTCGAACTCCCACGAAGCAATTTTCACTACCCC	42.160	100.000	0.000	0	0.310	0	-	J5A59_RS10140	1
NZ_CP072339.1	1799165	1799194	GAACTCGCGACCCCAACCTTGGCAAGGTTG	44.790	100.000	100.000	0	0.085	2	-	J5A59_RS10145	1
NZ_CP072339.1	1855964	1856000	ACCCATGACCCCAACATTAAAAGTGTTGTGCTCTACC	43.040	100.000	0.000	0	0.191	0	+	J5A59_RS10440	1
NZ_CP072339.1	1907387	1907423	CATGCTTACATACCATTTCGTCTTGCCGTCAAATCCA	42.080	100.000	0.000	0	0.165	0	-	J5A59_RS10655	1
NZ_CP072339.1	1907424	1907456	ACCGATATTTAGGAGCCAGCTACCAATGCTCCG	42.700	99.137	0.000	0	0.205	0	-	J5A59_RS10655	1
NZ_CP072339.1	1907463	1907499	GGCAGCGAGAGCGTAATTGTTTTCGCCAATTAATTGT	42.910	100.000	0.000	0	0.133	0	-	J5A59_RS10655	1
NZ_CP072339.1	1907543	1907579	CGGAACAACATCTTTGGAGCAGTGTCTCGTTCAACTA	42.740	99.494	0.000	0	0.172	0	-	J5A59_RS10655	1
NZ_CP072339.1	1907580	1907611	CGATTTAACCTGCACCGCTTTACCCTCCGATT	42.160	100.000	0.000	0	0.360	0	-	J5A59_RS10655	1
NZ_CP072339.1	1907612	1907645	TCATTTGGGCAGCGAGGCATACCCAAACTATTTC	42.300	97.816	0.000	0	0.161	0	-	J5A59_RS10655	1
NZ_CP072339.1	1907647	1907683	AGACCTGAACCACCAACCAATGCCTTATCCTCTAAAT	42.090	100.000	0.000	0	0.308	0	-	J5A59_RS10655	1
NZ_CP072339.1	1907711	1907747	CCGCACAAGGAAACCATACGCTTTCTACATGCTTATT	42.080	100.000	0.000	0	0.152	0	-	J5A59_RS10655	1
NZ_CP072339.1	1907748	1907777	AAGTGGACCTGCGGAGAGTCGAACTCCGGT	45.480	100.000	0.000	0	0.109	0	-	J5A59_RS10655	1
NZ_CP072339.1	1915570	1915599	CTGGACTCGAACCAGCGACCACTGGTCCCC	46.430	99.704	0.000	0	0.128	0	-	J5A59_RS10685	1
NZ_CP072339.1	1944840	1944869	CCCCGAGATTACAAATCACGTGCTCTGGCC	42.540	100.000	100.000	0	0.311	2	+	J5A59_RS10795	1
NZ_CP072339.1	1944900	1944931	CGATTCTTATCGCGTCGCTACAACCTTCTGCC	42.310	100.000	0.000	0	0.298	0	+	J5A59_RS10800	1
NZ_CP072339.1	1944952	1944986	GGGGATTAAAAGGGAGCTGACCGTAAGAGACTTGC	42.890	100.000	0.000	0	0.241	0	+	J5A59_RS10800	1
NZ_CP072339.1	1956122	1956151	AAGGTGGGACTCGAACCCACGACATTCAGA	42.630	86.399	0.000	0	0.200	0	+	J5A59_RS10865	1
NZ_CP072339.1	1956152	1956186	ACCACAATCTGACGCTCTAACCAACTGAACTACGT	42.190	100.000	0.000	0	0.293	2	+	J5A59_RS10865	1
NZ_CP072339.1	2130899	2130928	GCCGACCCTCTGCTTGTAAGGCAGATGCTC	43.990	97.972	197.488	0	0.218	2	+	J5A59_RS11610	1
NZ_CP072339.1	2131020	2131049	CCGCCGACCCTCTGCTTGTAAGGCAGATGC	45.770	97.874	197.874	0	0.251	2	+	J5A59_RS11615	1
NZ_CP072339.1	2217968	2217999	CGACACCTGGTTTTGGAGACCAGTGCTCTACC	43.230	99.771	0.000	0	0.168	0	+	J5A59_RS12060	1
NZ_CP072339.1	2219431	2219462	CCCCAGCTTGGAAGGCTAGTGCTCTATCAACT	42.630	100.000	0.000	0	0.196	0	+	J5A59_RS12075	1
NZ_CP072339.1	2219570	2219604	GCTAGAAGCAGCAGATTTACAGTCTGCCCCATTTG	42.290	98.164	90.651	0	0.166	0	+	J5A59_RS12080	1
NZ_CP072339.1	2219669	2219698	CCCCGAGATTACAAATCACGTGCTCTGGCC	42.540	100.000	100.000	0	0.311	2	+	J5A59_RS12085	1
